date,n,ticker_1,ticker_2,ticker_3,ticker_4,ticker_5,ticker_6,ticker_7,ticker_8,ticker_9,ticker_10,ticker_11,ticker_12,ticker_13,ticker_14,ticker_15,ticker_16,ticker_17,ticker_18,ticker_19,ticker_20,ticker_21,ticker_22,ticker_23,ticker_24,ticker_25,ticker_26,ticker_27,ticker_28,ticker_29,ticker_30,ticker_31,ticker_32,ticker_33,ticker_34,ticker_35,ticker_36,ticker_37,ticker_38,ticker_39,ticker_40,ticker_41,ticker_42,ticker_43,ticker_44,ticker_45,ticker_46,ticker_47,ticker_48,ticker_49,ticker_50
2006-01-31,50,GNW,TYC,ALL,CNA,AIG,CD,HIG,AXS,NI,TSN,XRX,IP,C,BPOP,PRU,MET,RDN,FLEX,RE,AFG,GE,STA,RF,TK,ACE,PCG,DUK,DOW,RCL,CTL,UTR,ORI,AEE,CINF,ETR,MBI,WR,ANAT,COF,PFG,NOC,WLP,FITB,MCY,INTC,FE,FPL,ACGL,USB,RGA
2006-02-28,50,F,EXPE,STA,UNM,LTR,COP,CNA,GNW,MBI,CD,HIG,FAF,TYC,MET,CVX,CINF,ANAT,DVN,RGA,RNR,CNO,NCC,C,AIG,PRU,TMK,AN,ORI,HAS,BRKA,LEG,AIZ,INTC,BPOP,CMCSA,FITB,SJM,BRKB,MTG,RE,RDN,UTSI,VLO,AFL,XOM,MO,KFT,STC,NI,ALL
2006-03-31,50,MET,ACE,COF,T,ALL,BAP,HIG,RE,AXS,STA,FAF,HPQ,DOW,CINF,NCC,UNM,MU,FE,AIG,ANAT,RCL,PFE,PRU,LNC,GNW,SCHL,RF,ORI,COP,UTR,AFG,CNO,FLEX,SCI,ARW,PPL,CD,XRX,SSP,GDW,KEY,CVX,AFL,INTC,LPX,STT,PFG,MCK,EXPE,RNR
2006-04-28,50,F,WLP,TYC,CTL,T,XRX,AIG,CNA,CINF,GNW,UNM,RE,VZ,MBI,NOC,ABC,CD,DVN,LUV,FBP,MCK,BRKB,PRU,MET,PFE,BRKA,CAH,HUM,JNPR,EIX,AIZ,LTR,UNH,DOW,C,MOT,CMX,CVX,STA,MHK,ACE,PPL,AXS,ITT,RF,WLK,FITB,RLI,LEE,NCC
2006-05-31,50,UNM,CD,AXS,FD,AIG,RCL,ACE,RF,BPOP,MET,COP,CE,ACGL,LTR,VLO,LPX,VZ,CTL,CNO,PRU,MBI,JNPR,XRX,BAP,DOW,CCL,COF,CVX,DVN,ALL,CNA,FNT,T,OXY,UNH,FITB,ORI,PFE,SEB,NOC,BER,STA,MTG,WOR,NC,AMP,F,AFG,AOC,GNW
2006-06-30,50,F,MET,HIG,CD,CNO,AIG,KFT,ACE,RF,RE,MU,LPX,SYMC,MCK,NCC,MOT,FLEX,TYC,JNPR,FITB,C,ALL,FNT,DOW,FBP,BPOP,ABC,FFG,UTR,PFE,ZION,XRX,UNM,AMP,TFX,MAS,NOC,MTG,HPQ,CAG,AIZ,EQ,ITT,SSP,PRU,CAH,KFS,STT,CNA,IP
2006-07-31,50,UNM,DOW,COF,CD,MDC,TYC,JNPR,GNW,ANAT,FAF,MTG,IR,NSC,MET,BPOP,FD,NCC,LPX,AFG,UTR,PFG,ETN,MAS,HIG,CNO,ALEX,CCRT,AFL,CE,ORI,EBAY,CNA,AN,LEG,ACE,LEE,STA,WLK,HPQ,F,MBI,SIGI,C,VSH,CINF,LII,WFSL,LTR,MWA,NCR
2006-08-31,50,TYC,COF,CNO,NCC,STA,COP,GNW,FHN,NI,VLO,RF,PRU,CINF,MET,ORI,AG,WOR,MCY,PFG,EQ,CVX,RDN,NC,CNA,MDC,ZION,FCNCA,WFSL,URI,HIG,LAZ,KMR,ACE,NSC,TFX,LPX,T,AMP,UAG,HBAN,RE,UCO,OXY,ACGL,AFG,CBT,NUE,AOS,APA,BER
2006-09-29,50,F,COP,CAR,VLO,MET,LTR,MO,CTL,CVX,AFG,WLP,CNA,FITB,GNW,OXY,ANAT,MWA,MBI,LUV,TAP,CE,LPX,HIG,AGO,HPQ,LYV,LENB,WR,PNM,RF,DOW,C,APA,UNM,BRKB,SEB,BRKA,PFG,KMR,ALB,NOC,HE,PFS,LEN,OMM,XOM,TYC,ORI,CNO,NRG
2006-10-31,50,F,GNW,SYMC,CINF,NOC,ALL,BPOP,CNO,RDN,KFT,HIG,NCC,BAP,IR,FAF,COP,MET,LUV,PNC,CNA,FD,MBI,TYC,THG,WLP,MTG,AGO,VLO,PFE,ANAT,LEG,AIG,TAP,IP,AN,OXY,AXS,UTR,MCK,TMK,EQ,ORI,MHK,LTR,CECO,AIZ,C,CVX,UNM,AFG
2006-11-30,50,F,BAP,COF,GNW,NCC,FAF,HIG,RF,BPOP,CINF,T,ACE,CNO,WLP,C,DOW,RGA,SAI,IP,VZ,FITB,MET,XRX,ORI,MTG,STA,MOT,ANAT,PGR,MTB,RDN,WFC,UNM,CAH,AFL,TYC,CNA,BER,NSC,ZION,KFT,GPS,NOC,TAP,FD,AXS,ABC,RE,ITW,USB
2006-12-29,50,F,VLO,MET,NI,PFE,NCC,COF,SYMC,SAI,JNPR,MOT,RGA,DOW,PH,TYC,FD,OXY,AXS,RE,ANAT,CNA,EIX,GNW,UNM,BPOP,UTX,AIZ,LNT,NOC,NUE,HBAN,CNO,PFG,NC,KFT,WFC,ITW,RF,NRG,ACGL,STA,KSS,NOV,WLK,CINF,ABC,MHK,BAP,MCY,FBP
2007-01-31,50,SYMC,COP,STA,ACE,ORI,FITB,C,ALL,OXY,KFT,AXS,RE,ACGL,GNW,MBI,MOT,CNO,CINF,RNR,IP,RF,CNA,CVX,MTG,AFG,NI,EIX,HIG,NSC,BER,MET,BAP,PGR,AIG,MTB,SIGI,BPOP,DTE,WLP,TYC,XOM,PFE,LNT,NCC,GPS,PNC,KBH,GE,MCY,SJM
2007-02-28,50,F,ALL,SYMC,ACE,MBI,KFT,CINF,MDC,HPQ,TRV,NCC,T,TYC,UTR,CMCSA,WFC,CNA,BPOP,VZ,AIZ,HIG,COP,JNPR,CVX,LENB,MET,RF,ORI,PFE,KBH,SIGI,NI,PFG,LEN,COF,GNW,DIS,CCRT,RDN,SSP,ASH,MO,PGR,AFG,WMI,TMK,CCL,PRU,CTL,SAI
2007-03-30,50,LENB,LEN,CNO,COF,KBH,NCC,MET,BSX,GNW,BPOP,AXS,LNC,RF,CINF,KFT,MDC,RDN,AFG,MBI,RE,MOT,PNC,PRU,RNR,PGR,MHK,ORI,FITB,TRV,PFG,LEG,ALL,WFC,HIG,UAUA,MTG,TYC,MAS,SAI,ACE,FHN,ANAT,NC,WLP,SYMC,HD,BLK,XRX,AFL,VZ
2007-04-30,50,RF,COF,COP,FD,ORI,T,MET,NCC,SYMC,LENB,GNW,LEN,BAC,DOW,KEY,ASH,TRV,ZION,UAUA,FHN,BLK,WLP,NI,BER,MOT,VZ,USB,ALL,ACE,NOC,SSP,TYC,OXY,EXPE,BPOP,ABC,CTL,MKL,WBS,LNC,MTB,LEE,CNO,WFC,FAF,BK,ANAT,XEL,CNA,AFG
2007-05-31,50,FD,NI,NCC,MBI,ALL,RF,TRV,TYC,EXPE,ACE,ORI,HIG,LNC,MET,PNC,ZION,PFG,AFG,GNW,DUK,KFT,BER,ACGL,BK,FPL,WFC,PGR,CINF,RGA,MTB,BSX,ETR,NWLIA,FFG,HBAN,AXS,AMGN,COF,BRKB,LEE,TAP,DIS,MAS,DOW,BLK,BRKA,USB,CMI,T,NOC
2007-06-29,50,RF,MET,LENB,LEN,CNA,NI,DHI,KBH,HIG,RDN,GNW,MTG,MDC,PFE,MBI,FPL,PRU,FAF,NCC,VZ,PFG,COF,COP,AFG,LNC,LEG,TRV,BZH,SAI,PHM,MAS,FITB,UNM,NSC,CINF,ATO,RGA,WFC,ETR,DUK,AVT,T,ALL,OKE,ORI,ZION,ACE,M,TMK,NUE
2007-07-31,50,CNA,LNC,ALL,GNW,RF,LENB,RDN,LEN,MET,KBH,ORI,DHI,COF,MTG,NCC,AFG,CNO,UNM,M,PRU,AXS,AIZ,RGA,HIG,ACE,EXPE,PGR,RE,CINF,BER,PFE,TRV,SIGI,FHN,NI,RNR,VLO,UTR,SYMC,KFT,BZH,BSX,AGO,MBI,UVV,PHM,CCRT,PFG,WLP,USB
2007-08-31,50,COF,DHI,CNO,PHM,LENB,LEN,GNW,RDN,ANAT,MTG,HIG,KBH,TRV,UNM,TYC,BAP,MDC,MET,FITB,DOW,FAF,ZION,ACE,AFG,LNC,T,TOL,CNA,EIX,PRU,MAS,AXS,SYMC,CCRT,M,BPOP,ORI,UVV,RF,KFT,PFG,KEY,LEG,COP,XRX,VZ,NC,ALL,MHK,NOC
2007-09-28,50,RF,CNA,TRV,DHI,LENB,PHM,LEN,KBH,FAF,UNM,FITB,COF,PGR,ZION,MAS,VLO,CTL,MDC,TOL,KEY,ALL,LEG,AFG,ABC,MHK,CMCSA,WFC,ACE,PFE,BER,GNW,WLP,MTB,AIG,SYMC,RGA,HIG,AIZ,CINF,BRKA,HD,BRKB,RCII,TSN,ORI,PAA,NC,NOC,AWI,MET
2007-10-31,50,RF,ALL,GNW,MBI,ORI,COF,FITB,WFC,SYMC,AIG,KEY,UNM,ZION,CINF,MET,PRU,COP,KFT,T,PGR,CMCSA,MAT,DOV,PFE,UTX,MTB,ACE,AMAT,EXPE,MDT,ARW,USB,TRV,IR,LNC,CAT,HD,ITT,MMM,ACGL,RNR,DOW,HIG,EBAY,GE,BER,CVX,RL,SLM,LLY
2007-11-30,50,COF,MBI,PHM,LEN,LENB,AIG,GNW,KBH,CNA,DHI,RF,CNO,FHN,COP,T,MDC,ZION,MET,ANAT,AVT,WFC,VLO,KEY,TOL,DOW,CCRT,RDN,ACE,MAS,HD,UAUA,M,NOC,RGA,HIG,ORI,SYMC,BAC,LNC,ALL,NNI,LTR,ACGL,EWBC,BPOP,VZ,WOR,PRU,CTB,WBS
2007-12-31,50,COF,RF,MBI,MET,SYMC,HIG,ZION,LNC,M,CNA,FHN,KEY,UNM,LEG,CNO,PNC,DOW,BAC,AIG,UAUA,PFE,PRU,MHK,SLM,CMCSA,HD,ALL,JBL,FULT,RE,WFC,MTB,WOR,RGA,AMGN,EXPE,CINF,ALV,GNW,BER,CTL,LUV,KFT,CCRT,AWI,BC,FCBP,ACGL,IR,TMK
2008-01-31,50,EXPE,MBI,TRV,MTG,PRU,COP,HIG,VLO,AIG,PFG,CTL,GNW,ALL,RDN,T,ACE,STX,CNA,VZ,LNC,LTR,WLP,UNM,IR,ORI,KFT,ARW,HPQ,UTR,AWI,EBAY,CNO,RJF,FCBP,JBL,NRG,AGO,IVZ,MET,INTC,DOW,MWA,LEE,RF,COF,KLAC,ASH,MOT,ALV,AFG
2008-02-29,50,RF,CNA,COF,AIG,HIG,PRU,BPOP,M,LTR,FAF,T,FLEX,GNW,TRV,ALL,ANAT,AWI,DAL,MAS,LNC,ACE,WLP,MTB,AFG,VLO,RNR,MTG,ZION,VZ,XRX,RJF,UAUA,DHI,WBS,SYMC,CINF,WFC,RGA,LEG,FCBP,ORI,UTR,RDN,PFG,NOC,CCRT,DOW,EWBC,MHK,BER
2008-03-31,50,AIG,RF,COP,M,WLP,VLO,MBI,DAL,GNW,ORI,ACE,CNO,CNA,UNM,UAUA,CTL,FLEX,JBL,MTG,RE,BK,LTR,LENB,ANAT,F,LEN,IP,ZION,IVZ,LNC,LEG,PFE,COF,PGR,DOW,PHM,EXPE,UNH,FCX,TDS,TRV,RNR,SCHL,SYMC,ALL,ITT,LBTYK,BER,BAC,STZ
2008-04-30,50,BAC,HIG,PRU,MBI,GNW,PHM,CNA,AIG,TRV,MET,COF,UAUA,LENB,FHN,WRB,ARW,XRX,LEN,MO,DHI,LNC,CINF,RGA,RE,ZION,KBH,PFG,CTL,PFE,NOC,ACE,AVT,SYMC,AMP,STX,WBS,MAS,GE,T,ALL,LTR,EWBC,IP,TOL,FCBP,SIGI,KFT,ACGL,CATY,ANAT
2008-05-30,50,AIG,COF,BAC,DHI,GNW,MBI,M,TRV,BPOP,UAUA,LENB,MET,PHM,LEN,ACE,ZION,TOL,PRU,HIG,MTG,FHN,MTB,RE,AWI,PFE,XRX,GE,EXPE,F,KBH,AGO,HOV,CINF,ALL,ACGL,LUV,DOW,RGA,ANAT,VLO,VZ,SKYW,ALV,MDC,PFG,FLEX,NWLIA,UTR,AMP,CNO
2008-06-30,50,AIG,BAC,COF,GNW,CNA,PRU,CINF,ZION,M,BPOP,LEN,LENB,VLO,T,ORI,PFG,LNC,MTG,EXPE,TRV,DPS,PHM,UNM,MTB,MET,DOW,WLP,WBS,UAUA,KEY,RGA,CNO,CMCSA,IP,FITB,FAF,ALL,RNR,FHN,UNH,EWBC,AGO,FLEX,ACE,GE,PFE,IGT,DHI,SYMC,MAS
2008-07-31,50,ACE,GNW,AIG,COP,ORI,T,CNO,MET,STX,HIG,DOW,ZION,M,ASH,BK,TRV,AGO,BAP,LBTYK,SLM,L,ALL,MTB,DHI,FAF,SSP,COF,ALV,XRX,VZ,DPS,WRB,IGT,MAN,SYMC,LBTYA,MHK,CNA,C,AFL,CDNS,FLEX,PRU,LEN,CVX,BOKF,KLAC,LENB,URI,NRG
2008-08-29,50,AIG,BAC,ALL,GNW,ZION,HIG,TRV,C,BAP,EXPE,L,BK,RGA,COP,ACE,SLM,LUV,AFG,MTB,COF,WRB,AIZ,RNR,LENB,CNA,RE,TAP,ACGL,T,ASH,CME,WLP,DOW,FCX,TAPA,UTR,MET,WFC,PGR,BX,UNM,GE,PNC,IP,ORI,IGT,PRU,ITT,STX,NOC
2008-09-30,50,FITB,SLM,MBI,HIG,FCX,ASH,M,COP,EXPE,MET,XRX,BAP,STX,NRG,FLEX,JBL,FHN,BK,LBTYK,T,SYMC,VSH,IVZ,AWI,LNC,IGT,WDC,WLP,CNA,L,PAA,RS,TRV,PRU,VZ,CINF,CMCSA,LBTYA,AVT,MTW,GE,STT,DOW,ETN,PH,ARW,AMP,SPW,NOC,MAN
2008-10-31,50,C,HIG,BAC,PRU,ALL,CNA,DHI,UNM,LNC,BX,M,LEN,MET,VLO,STX,BAP,LBTYK,PFG,BG,FCX,IP,AIZ,CTL,SYMC,COP,FITB,COF,XRX,AMP,PHM,AN,LBTYB,AWI,LBTYA,CI,EXPE,MAS,ORI,AGO,RGAA,ALV,IVZ,ARW,MBI,OSK,SPW,IGT,ANAT,WLP,AVT
2008-11-28,50,C,PRU,BAC,M,HIG,PFG,LNC,IP,HBAN,KEY,DOW,MBI,AIZ,BX,CI,FITB,SYMC,DPS,CNA,EXPE,COF,ASH,MET,MHK,ZION,BPOP,FCX,AMP,UNM,PNC,GE,MTB,NOC,ALL,IGT,BSX,ACE,CYH,WDC,LUV,KBH,AFG,MO,ARW,XRX,WBS,WLP,CME,FFG,EBAY
2008-12-31,50,C,DOW,BAC,FITB,ZION,MTB,IP,COP,EXPE,COF,RIG,GE,HBAN,PNC,T,KEY,MO,TXT,FCX,DPS,NRG,WDC,AXP,LUV,CMCSA,UTR,CTL,RE,SCHL,BX,NOC,PHM,FIS,TNP,WBS,ACGL,WOR,NWL,SYMC,KFT,TMO,AN,AGO,CVX,OMC,VZ,HPQ,NOV,DVN,SON
2009-01-30,50,COF,DOW,CNA,ALL,MET,JPM,ZION,PNC,PFG,MTB,GE,UNM,BAC,AFG,IP,ACE,CINF,AXS,HIG,MAS,LNC,BG,RE,TMK,PRU,USB,TRV,AGO,AFL,T,RGA,DHI,MTW,IVZ,PFE,EBAY,ACGL,BLK,FBP,CME,EWBC,XRX,TKR,MHK,AWI,ANAT,TOL,AMP,ASH,WRB
2009-02-27,50,PRU,COF,MET,HIG,DOW,LNC,CNA,ALL,UNM,GE,IP,ZION,AMP,PNC,M,JPM,ACE,TMK,MAS,ORI,BAC,AIZ,MHK,XRX,ASH,RGA,AXP,LBTYK,IGT,PFG,NWL,AXS,OSK,MS,WRB,SIGI,TKR,AFG,HUM,AFL,SKYW,EWBC,PAG,CMCSA,CLF,ANAT,UNH,DPS,NOC,AWI
2009-03-31,50,PNC,LNC,AXS,ACE,USB,COF,NRG,ZION,AWI,ACGL,CMCSA,AFG,JPM,AIZ,AVT,TRV,MS,ALL,SYMC,IBOC,STZ,ETN,THG,AFL,KFT,CNA,FULT,ADM,WRB,PFG,DOW,T,PRU,AXB,CTL,PH,PAA,SIGI,NDAQ,GD,RE,USM,EXC,WTFC,FDP,CINF,RIG,PCR,MET,CYH
2009-04-30,50,MS,BG,ORI,ADM,CTL,CME,NRG,PFE,RGA,TRV,T,BAC,NOV,RE,AXS,CMCSA,JPM,FHN,TMO,FDP,ETR,NNI,AGII,SPW,RNR,KFT,VZ,FIS,RCII,AFG,ALL,MTB,FNB,WRB,GE,ACE,PHM,MET,EXC,STZ,SKYW,NDAQ,PNC,BK,ABT,WFSL,LBTYK,ZION,ACGL,CHFC
2009-05-29,50,CMCSA,PHM,TRV,ACE,SYMC,LBTYK,DHI,MTB,M,AXS,LENB,MHK,FULT,IR,LBTYA,HOLX,WRB,TOL,LEN,JPM,CINF,CHFC,RE,T,ACGL,AIZ,FNB,VLY,PNC,USB,RNR,MET,AWI,TEL,FHN,BAC,MDC,SKYW,SPW,HPQ,AN,MS,ETN,GRMN,OSK,WPO,UNM,NOC,VZ,KMT
2009-06-30,50,HIG,PNC,COF,JPM,GE,LNC,AMP,MS,DOW,ZION,NOV,MGM,MET,M,UNM,HUN,AGO,ALL,MTW,WFC,PRU,ORI,CBT,AVT,ARW,BG,MAS,AWI,USB,DDS,MHK,UNH,IGT,ADM,TOL,PTEN,ACE,XRX,FULT,PENN,TRV,EWBC,VLO,RGA,AFL,RIG,PFG,FITB,CNA,FMBI
2009-07-31,50,PNC,MS,BAC,TSN,TRV,NOC,RS,CMCSA,GNW,CME,AXS,ALL,CNA,CTL,ORI,WLP,ACE,JPM,ACGL,KEY,T,FHN,HUM,USM,RGS,ANAT,BX,GE,DOV,MET,CMC,NUE,NI,NRG,EXC,PFE,FPL,WRB,SYMC,SEB,SJM,GME,DHR,WOR,HLX,BK,GD,ADM,SNX,WCC
2009-08-31,50,MS,ADM,T,VZ,RIG,FNB,MDU,GE,CMCSA,JPM,UNH,CHFC,PENN,KFT,NI,VLY,MHK,DOW,NOV,BAC,WLP,NRG,UVV,FHN,TSN,ALV,ACE,CAH,RCII,PNC,ACGL,AXS,PTEN,FPL,CME,C,AN,PG,MTB,MET,ALL,RGA,FCF,NRP,RE,EXC,COF,WPO,BG,WLK
2009-09-30,50,BAC,COF,JPM,TRV,XRX,CNA,UNM,KEY,WLP,PHM,ADM,UNH,DHI,PRU,MET,AXS,MS,KFT,MTG,USB,VZ,MTB,LENB,LEN,FHN,LNC,TEL,EWBC,WRB,ACE,IR,AVT,PFE,AGII,PENN,ZION,MHK,T,AFG,BG,ALL,MAS,FPL,WBS,TMO,RCII,IP,NI,BSX,NDAQ
2009-10-30,50,AIG,BAC,GNW,KEY,ASH,CMCSA,FITB,GE,ZION,ORI,NRG,FHN,PHM,NDAQ,ACE,CRH,RS,CNA,LENB,MGM,IGT,T,MET,CMC,NI,FIS,NUE,ARW,AXS,LEN,ALL,JPM,HIG,MAN,BSX,SPW,BAP,WLP,HOLX,MS,BK,FPL,VSH,PRU,WOR,AMP,XRX,SNX,SCHN,GRMN
2009-11-30,50,MS,JPM,MET,AIG,BAC,HIG,LNC,ACE,UNM,ZION,ALL,COF,BK,AXS,CMCSA,ORI,KEY,AFG,USB,MHK,TSN,MTB,AGII,M,LENB,TRV,WFC,LBTYK,LBTYA,WPO,DHI,RE,WRB,MTW,FNB,CNA,FITB,SPW,RGA,KFT,PHM,XRX,NDAQ,CRH,MDC,CATY,NRG,PRU,LEN,FMBI
2009-12-31,50,BAC,MS,JPM,RF,PNC,FITB,HIG,KEY,GE,TRV,AIG,ORI,COF,USB,ZION,MET,MGM,ACE,NRG,FHN,GNW,WFC,AXS,BX,PRU,MTB,CAH,RIG,T,IR,WRB,ETN,AIZ,PFE,LENB,RE,CNO,IGT,NOV,WBS,CMC,BK,LEN,UNM,GME,TSN,CNA,TKR,RNR,MTW
2010-01-29,50,AIG,JPM,GS,CMCSA,T,CRH,DDS,NI,M,VZ,COF,MHK,NDAQ,ANAT,FAF,CME,IP,BAC,CMC,IR,TDS,TRN,ACE,GME,NOV,ARW,MDU,HPQ,USM,DTE,RS,AGII,R,PNC,ALL,AVT,WHR,UNM,MET,CNA,SIGI,TKR,HIG,TRV,KSS,FHN,SNX,EXPE,AWI,ATO
2010-02-26,50,NRG,HIG,PFG,KEY,T,PNC,MET,WFC,FITB,CRH,BK,IR,RIG,ZION,JPM,GE,FHN,VZ,TDS,LNC,MDU,GME,USB,IGT,WLP,GS,TAP,HUM,WPO,CMCSA,COF,ACE,PFE,MGM,ALL,BAC,EXC,EBAY,RE,RGA,IP,ANAT,L,PENN,TRV,PRU,FPL,OC,R,FDP
2010-03-31,50,NRG,ALL,PFE,RE,TRV,NOV,AXS,L,XRX,BAC,FITB,UNH,ACGL,JPM,IP,T,ACE,MTB,CTL,NBR,HUM,DTE,CMC,HUN,EXC,GS,RNR,LNT,CAH,CNA,RIG,FPL,NI,TAP,FIS,HIG,PNC,ANAT,ABT,BSX,EXH,USB,CME,WPO,FDP,RGA,GNW,BX,SCHL,WLP
2010-04-30,50,GS,JPM,BAC,TRV,CTL,VZ,ACE,RE,UNH,RIG,T,GNW,UNM,ALL,MET,LNC,HIG,CAH,CNO,AXS,RGA,PPL,RNR,HUM,BK,PFG,ACGL,ANAT,KFT,EXC,EBAY,CINF,MOT,PFE,MS,AFL,CNA,L,LBTYB,LBTYK,LBTYA,HUN,HPQ,PSEC,DPS,ABT,CMCSA,AMGN,COF,WFC
2010-05-28,50,BAC,HIG,RIG,LNC,MS,JPM,GE,GS,CRH,FITB,BK,ZION,MET,RF,AIG,WFC,KEY,XRX,IP,AINV,GNW,PHM,CNA,PRU,L,MDU,CYD,ASH,CMCSA,USB,FHN,DAN,AGCO,HBAN,GLT,ALL,ACE,GTLS,ITT,SSP,NDAQ,NBR,WMB,SPW,COP,TBI,COF,AEIS,PFG,MTB
2010-06-30,50,BAC,MS,RF,HIG,JPM,GS,GE,PNC,GNW,WFC,PFG,MET,ANAT,RIG,PHM,DDS,BK,CRH,LNC,IGT,PRU,GME,PRI,M,ZION,NRG,HBAN,RS,LENB,ALL,LOW,XRX,LZB,CNO,ORI,ASH,TRN,ETH,UNM,KEY,LEN,MHK,CME,EVR,CMCSA,AWI,SCSS,WPO,GD,IR
2010-07-30,50,BAC,ALL,FITB,MET,RIG,TRV,ACE,COF,PRU,CAH,PNC,JPM,CMTL,HIG,ZION,RGA,BK,MU,VLO,RGS,CRH,ANAT,HUM,CME,UNF,MTB,WTI,FULT,UNM,WHR,BYD,RNR,KEY,LNC,BECN,WDC,MAS,NRG,NC,AXS,SYMC,KSS,DPS,CYH,MOH,LOW,GVA,TMO,MS,WFC
2010-08-31,50,AIG,BAC,JPM,FITB,MET,KEY,RDN,MS,PNC,WFC,HIG,EXH,RF,CRH,MTW,DAN,PRU,WBS,WFSL,GNW,CHFC,USB,ZION,COF,EWBC,IP,GS,UNM,DOW,GE,HBAN,DDS,PFG,LNC,FULT,JBLU,HPQ,CMCSA,CATY,STT,AAWW,TRMK,TK,CECO,NYT,VSH,ALK,BYD,CVBF,CTB
2010-09-30,50,MS,BAC,MET,JPM,PNC,ANAT,AIG,COF,PRI,KAR,GS,EXH,FITB,VLY,LNC,WFC,MTB,KEY,DPS,USB,NRG,CMCSA,BOH,DTE,T,CNA,TRV,TSN,STT,FULT,IP,TGP,CME,BK,NRP,UHAL,WFSL,ACE,UTR,FMBI,OC,FDP,HUM,CALM,CRH,CHFC,NR,ACGL,CAG,HBAN
2010-10-29,50,BAC,COF,RF,NRG,PRU,MS,MTW,KEY,ZION,ALL,PHM,BK,MTB,GE,OCN,PNC,HBAN,FE,WTFC,RE,VZ,CECO,SCI,ETR,MOT,RDN,HIG,CNO,STRA,FMBI,GNW,LNC,AIG,ONB,EXC,RIG,KAR,MET,BOH,KBH,WFSL,AFG,WFC,T,TTI,LOPE,TER,MTH,CVS,WPO
2010-11-30,50,MET,RF,BAC,FITB,KEY,GS,MS,GE,PRU,VZ,ZION,PHM,AFL,PNC,AIG,COF,HIG,T,ALL,MU,ITT,DOW,LNC,TRV,ABT,PFE,CMCSA,MOT,AMGN,MRK,UNM,L,CSCO,ACE,RGA,AIZ,ETR,BLK,HUM,EXC,DPS,USB,DTE,NRG,GRMN,GD,CNA,PPL,MDT,CME
2010-12-31,50,DPS,UNH,HPQ,HUM,ETR,DOW,TRV,BBY,XRX,AFG,MS,AEE,AXP,CI,EBAY,WDC,RIG,LUV,INTC,ACGL,AXS,T,SYMC,M,PNC,ABT,JNJ,ASH,BRKA,BRKB,BEN,NRG,RE,GS,EXPE,BAC,UTX,DTE,COF,KSS,LNT,V,MRVL,RGA,WMT,L,KR,NOC,MET,PGR
2011-01-31,50,AIG,BAP,T,MRK,BAC,RF,CTL,KEY,XRX,MET,TGT,M,MUR,CME,DPS,GPS,ALL,PNC,ACE,LUV,MS,ABT,GME,STZ,TAP,NEM,TSN,ZION,FCX,FITB,KSS,STX,TRV,VFC,OXY,USB,FHN,PFG,BAX,JNJ,CYH,MTB,LTD,SJM,KFT,AMGN,CFR,VZ,DOW,TDS
2011-02-28,50,AIG,MET,MS,HPQ,BAC,BAP,AMGN,CTL,CSCO,CVS,BK,MRK,NRG,ALL,GNW,WDC,FITB,AEE,T,BBY,VZ,WFC,HBAN,FE,XRX,PNC,NOC,LUV,EXPE,ACE,TGT,ETR,WHR,MSI,BMY,LOW,TDS,MSFT,EXC,WMT,PHM,ITT,STX,LLY,PRU,AFL,IP,TAP,AES,ZION
2011-03-31,50,MS,BAC,AIG,RF,PRU,MET,HIG,RIG,HPQ,PFG,AFL,CSCO,GE,GLW,ETR,INTC,CMCSA,BK,KEY,FITB,RE,TGT,GM,USB,WFC,MRVL,AXS,JNJ,EBAY,AMP,FE,CCL,CME,NDAQ,TRV,XRX,TEL,ALL,KMI,AMAT,KSS,BBY,MSFT,DOW,EXC,TXN,NEM,BLK,CTL,XOM
2011-04-29,50,AIG,BAC,MS,WFC,VLO,USB,BAP,FITB,GNW,XRX,RIG,BK,COP,CTL,LUV,KEY,HPQ,GD,PNC,CINF,MET,BRKA,CSCO,BRKB,UNM,VZ,CME,MU,GE,ITT,GS,PFE,BLK,MTB,GILD,CYH,PRU,CVX,LOW,TGT,T,UAL,NOC,AMP,RF,KLAC,LRCX,M,SWK,GLW
2011-05-31,50,AIG,MS,DOW,MET,AFL,BAC,HIG,HPQ,CRH,ALL,PFG,MU,LNC,COP,GNW,GE,EBAY,CMCSA,WFC,AMAT,CSCO,VLO,LOW,RF,GPS,WDC,BK,AXS,CVX,BRKB,BRKA,CME,GS,TXT,GLW,C,MUR,RIG,FITB,OXY,TRV,KKR,APA,XOM,VZ,COF,EMR,LYB,USB,NUE
2011-06-30,50,BAP,RF,BAC,VLO,BK,LYB,GLW,CSCO,MU,TRV,HPQ,GE,RIG,MS,ACE,CVS,MET,PFE,COF,CTL,GNW,PNC,RE,MRVL,TGT,AMGN,AMP,MRK,AIG,MDT,IP,BLK,KSS,INTC,AXS,PFG,AFL,T,NEM,PRU,ALL,CVX,PG,GME,GPS,IR,MSI,DIS,AMAT,PM
2011-07-29,50,BAC,MET,SLM,COF,WLP,PRU,HIG,ALL,GNW,PNC,PFG,LUV,BBY,PFE,BLK,NOC,XRX,GLW,T,DPS,MS,GD,IR,AMGN,CTL,CRH,TRV,ZION,LNC,HBAN,HUM,JNPR,WM,GE,PGR,UAL,CMCSA,LOW,AMP,ITT,GME,ALV,RF,EMR,CCL,AIG,DHR,NVDA,SCHW,KEY
2011-08-31,50,BAC,MET,PRU,MS,HPQ,FITB,AFL,KEY,BK,LNC,AIG,DOW,HIG,SLM,USB,WFC,PNC,ZION,MPC,PFG,GE,MU,MTB,XRX,TRV,VLO,CMCSA,LYB,AMP,ALL,IVZ,GNW,JPM,LUV,KSS,GS,WDC,AXS,AES,SPW,APA,NOV,OXY,ACE,ITT,SCHW,COP,SYMC,BBY,TXT
2011-09-30,50,BAC,MET,MS,VLO,LNC,JPM,COF,KKR,LYB,HIG,AIG,DOW,MPC,GNW,AGO,GLW,CDE,XRX,TDS,HPQ,ZION,STLD,ACM,LUK,GS,BK,NOV,APA,ALL,PRU,FCX,RGA,SEB,WFC,BAP,AXS,CNO,CRH,UNM,PKI,AMP,CECO,WBS,VSH,BLK,KEY,SAI,WPO,CLF,CF
2011-10-31,50,CXW,DV,FAF,ORI,AB,PRA,CROX,HE,CYH,SLM,EZPW,ANAT,NWBI,TDS,CNK,WFSL,CNS,IDCC,EVV,WLP,FLT,MASI,T,BAC,DPS,MGLN,BKU,PLCE,JOE,FCN,BRKR,TR,OCN,WFC,FCFS,GEFB,GEF,GEO,CACI,PKI,POR,AVA,SCI,THG,BR,NWN,BSX,TFX,AINV,BCPC
2011-11-30,50,MS,BAC,C,JPM,MET,PRU,SLM,VLO,HIG,GE,COF,CME,WFC,PFG,AMAT,RIG,ACE,CMCSA,AFL,DOW,UNM,ZION,MTB,FITB,PNC,TRV,LUK,FIS,XRX,EBAY,AMP,CF,FCX,MPC,GLW,T,AXP,JNPR,TEL,BEN,GME,CVX,AIG,CNA,MOS,USB,SYMC,BAX,GM,HFC
2011-12-30,50,C,HIG,CDE,VLO,COF,HPQ,VC,BAC,HUN,PMTC,JLL,MET,WLP,BBY,CPA,PRU,KRO,NCR,UNM,RIG,WLK,ACM,TDS,CNK,MS,LNC,RES,JDSU,DDS,TFSL,FLO,BSX,IR,PKG,CRS,XRX,WWD,GNW,NDAQ,APA,CME,KSS,GLW,SLGN,NRP,BAP,RE,CSL,STLD,ACE
2012-01-31,50,MCY,NRGY,DV,WLP,ALK,COP,SEB,HE,XRX,ACE,TRV,GLW,CME,TFX,TFSL,AXS,PRA,FITB,AEE,HBHC,T,VC,JKHY,NRP,PNC,AEP,ED,WPO,KEY,KSS,MET,TGI,CCL,AIZ,KKR,ACGL,CVX,FDP,NOC,PEG,PFE,COF,CNA,FCNCA,WWD,SCI,DPS,RE,MS,FLO
2012-02-29,50,HPQ,AFL,PNC,PFE,CLF,MRK,MS,FCX,PFG,TRV,AEP,GE,BBY,BX,WLP,JPM,F,GILD,MDT,VZ,VLO,SAI,ED,CAG,T,PEG,MTB,KFT,UAL,USB,UNM,HUM,AMGN,AXS,KLAC,DOW,WMT,MET,GS,ABC,ACE,AEE,PRU,BOKF,CAH,CNA,BRKB,GME,CI,LUV
2012-03-30,50,MET,HPQ,AFL,APA,FCX,GNW,COP,SLM,PAA,CTL,ADM,XRX,PRU,OXY,CVX,HFC,AIZ,GS,VZ,CF,L,CVS,BG,UTX,CMCSA,DOW,PEG,F,ACE,LNC,T,BBY,AMP,GD,LYB,NOV,AGCO,MS,TRV,PH,ED,XOM,NDAQ,HIG,CRH,MPC,TEL,ACGL,LUV,IP
2012-04-30,50,BAC,C,MS,GS,JPM,MET,GNW,VLO,BBY,CME,PRU,COP,BX,CLF,PFG,WLP,F,GD,SLM,KEY,SYMC,MPC,WDC,BG,CSCO,AMP,RSG,XRX,COF,LNC,TAP,AFL,APA,GE,PGR,BLK,ZION,ADM,HIG,AMAT,IVZ,NVDA,BAX,CTL,HUM,IP,STZ,RIG,WFC,CVX
2012-05-31,50,BAC,C,JPM,MS,PRU,MET,HIG,GS,LNC,GNW,AIG,AFL,CVI,RF,AGO,UNM,HPQ,CSCO,STT,PNC,STLD,KAR,APA,GME,COF,VLO,WDC,PFG,TDS,CDE,IGT,GEFB,ACM,PSX,AMP,UAN,AIZ,CACI,RGA,CLF,LAZ,RIG,GEF,BK,IVZ,BLK,HLX,XRX,MPC,FITB
2012-06-29,50,C,HPQ,GM,MET,GS,PRU,ADM,PNC,MS,BAC,CNA,UNM,TPX,GME,AVY,WDC,HIG,WLP,FITB,HBAN,AFL,BSX,ACE,JPM,LNC,MRVL,NRP,BLK,DSW,CTL,SYMC,KEY,AXS,M,DOW,ALL,JNPR,MTB,FCN,TSN,GLW,IP,NOV,ETN,KLIC,KMT,F,PH,GNW,PRLB
2012-07-31,50,BAC,MS,C,IGT,GNW,HIG,LNC,HPQ,CNA,MET,WLP,BPOP,STT,AGO,XRX,GME,PRU,ADM,JPM,BBY,DOW,CLF,CSCO,WPO,PNC,HUM,VLY,UNH,BSX,GLW,TSN,FULT,L,PFG,KAR,GM,DV,CI,AIG,COP,MGM,CME,MCY,ZION,F,AMAT,ADTN,ACE,HBHC,ALL
2012-08-31,50,HPQ,T,CMCSA,VZ,SLM,DOW,GE,COF,CTL,EXC,PFE,MRK,WFC,INTC,PEG,JPM,ACE,MRVL,L,CVS,ABT,CNA,AEE,CRH,MET,DHR,ALL,RSG,TRV,CLF,USB,AXP,ED,STT,NOC,BX,EXPE,PAA,JNJ,CAH,OXY,AES,LRCX,A,DTE,RE,PGR,PNC,TMK,KLAC
2012-09-28,50,MET,PRU,WLP,WDC,PFG,DOW,AIG,CTL,HPQ,CSCO,BBY,COF,AMAT,EXC,INTC,CNA,MRVL,NOC,RIG,PNC,RGA,UTX,HUM,AXP,KLAC,M,WFC,XRX,AFL,STX,TXN,LRCX,SLM,RF,AVT,KSS,MSFT,IR,STT,UNM,L,ARW,GD,WM,KFT,APA,TKR,EMR,NTAP,T
2012-10-31,50,BBY,HPQ,PNC,RF,XRX,CSCO,T,GE,MS,WDC,VLO,JPM,MET,GLW,BSX,CTL,RGA,MRVL,HBAN,FITB,DHR,NTAP,WFC,PRU,CVS,CRH,STX,AMAT,CVX,APA,CF,MSFT,HFC,OXY,SWK,AFL,USB,PH,TEL,MU,NVDA,ALV,DGX,INTC,SAI,IVZ,ABT,AAPL,CTXS,OMC
2012-11-30,50,HPQ,PRU,MET,C,PNC,MS,GS,BBY,JPM,COF,SLM,WLP,EXC,AIG,WFC,CNA,T,L,BK,KSS,INTC,HIG,PFG,ZION,MSFT,STX,GD,CMCSA,TAP,USB,PEG,MTB,MDLZ,NOC,AEE,HBAN,WDC,BX,LYB,CTL,CME,RGA,STT,CNP,VZ,TRV,LNC,MRK,GE,KEY
2012-12-31,50,MET,BBY,CME,COF,MRK,AFL,PSX,PRU,T,KSS,ALL,L,GE,TGT,RCL,MRVL,RIG,AXS,CF,AAPL,CNA,EXC,VZ,BMY,USB,MDT,PGR,ACE,AMGN,XOM,MDLZ,XRX,IR,SLM,CMCSA,SYMC,FIS,GPS,MSFT,CINF,M,WMT,CNP,ACGL,TRV,EBAY,PFE,PM,MO,WFC
2013-01-31,50,WFC,AFL,COF,SLM,GLW,NOC,T,CTL,AAPL,GD,USB,VZ,UNH,ACE,AMGN,F,CMCSA,PNC,CSCO,PRU,GRMN,C,M,ASH,AES,BAP,FLEX,JPM,GM,MSFT,GE,DGX,TGT,INTC,PCS,HRS,PFG,BA,DOW,WMT,BAX,AXP,BOKF,VFC,MET,SJM,ACGL,RNR,IP,XOM
2013-02-28,50,MET,PRU,AFL,CTL,COF,DOW,LYB,CF,BAP,WLP,UNH,HIG,MS,HUM,FITB,WFC,MDT,RIG,STX,PNC,AAPL,F,IVZ,A,RF,C,ABBV,PFE,MRK,XOM,EBAY,ORCL,NOC,COH,NTAP,MSFT,CSCO,ACE,GD,ITW,CVS,INTC,L,DHR,USB,AIG,LBTYK,PPG,MCO,GS
2013-03-28,50,MS,JPM,GS,VLO,MET,USB,AIG,PRU,AFL,GE,DOW,HFC,HUM,RIG,CNA,CTL,CSCO,ACE,CF,WFC,ASH,ABT,RGA,LRCX,L,CDE,T,APO,TRV,C,COF,CG,TDS,CME,CCL,GRMN,AAWW,CAH,MGLN,AINV,DHR,AMAT,PBF,FITB,AXS,LQDT,ORCL,BPOP,PNC,ARW
2013-04-30,50,HPQ,VLO,BAP,GS,MS,CDE,USB,MET,XRX,PRU,GE,PSX,NDAQ,AVT,MPC,ACE,HUM,ALL,UNM,HBAN,JPM,WFC,HBHC,EZPW,SNX,ONB,QUAD,AFL,CME,ARW,FCN,HFC,RJF,FBP,BSX,ZION,IBOC,RS,XOM,DHR,CYH,CW,KEY,CLW,WTFC,ACM,LNN,ESE,FNB,SRPT
2013-05-31,50,CTL,BAP,T,ACE,ALL,TRV,CMCSA,AXS,CNA,RE,AFL,RNR,WRB,PFE,ACGL,TAP,RIG,ABT,CVS,MDLZ,LNT,PNC,PEG,COF,L,FAF,AFG,DOW,SYMC,AES,AINV,CINF,ED,AEE,APO,INTC,EVV,VZ,MRVL,MET,UNM,XRX,GME,WFC,DTE,EXC,USB,PNW,MKL,KKR
2013-06-28,50,C,BAC,BAP,VLO,JPM,MS,PSX,DOW,MPC,GLW,CNA,HFC,VOYA,TRV,CF,ORI,ABT,AIG,FSLR,AAPL,BX,TAP,PFG,COF,GS,IGT,WFC,L,TWI,HIG,ACE,ORCL,APO,BLK,HPQ,SLM,ALL,FAF,CTL,LQDT,MET,GGN,CDE,FITB,PRU,LRN,ACTG,PNC,BYD,GEOS
2013-07-31,50,BAP,HIG,RGA,MET,CTL,PSX,ACE,PNC,AXS,CME,WFC,RF,T,AIG,INTC,JPM,ZION,TRV,VLO,NDAQ,PRU,C,HPQ,MSFT,BBY,XRX,L,ALL,USB,AFL,STX,EBAY,MS,WLP,MOS,DGX,MPC,RIG,CYH,NTGR,TGP,GLP,RNR,BAC,COF,WDC,WRB,RSG,SRPT,CNA
2013-08-30,50,JPM,MET,C,PRU,MS,COF,CTL,BAC,HPQ,WFC,PNC,RF,AFL,UNM,ALL,GNW,PFG,VOYA,GLW,HIG,WDC,ABT,T,ACE,LUV,FSLR,CSCO,FITB,NDAQ,CMCSA,TGT,KEY,TRV,GE,RGA,GS,ANAT,BLK,CINF,USB,ZION,CYH,FHN,PSX,ACM,PNW,HBAN,M,ETN,LNC
2013-09-30,50,BAC,C,CTL,VLO,RF,MET,HPQ,PNC,KEY,WFC,FITB,MPC,JPM,HFC,WLP,ZION,T,PRU,BPOP,MS,ABT,USB,CCL,LNC,CSCO,PSX,MBI,ANAT,GS,HBAN,VOYA,CAG,AXS,XRX,HBHC,HIG,AIZ,SYMC,UNM,COF,FHN,LNT,WBS,M,IP,BAP,BG,BOKF,VZ,FULT
2013-10-31,50,BAC,JPM,XRX,COF,CSCO,C,EBAY,SYMC,MRK,DOW,WLP,GS,MET,ACE,AVT,WFC,AFL,FLEX,RF,LLY,ORCL,PNC,USB,PAA,IBM,IP,PRU,AGCO,TRV,TEL,DGX,LYB,CMI,GD,UTX,CME,ALL,WU,GPS,TSN,UNH,EXPE,RS,JBL,MS,VOYA,CF,NUAN,A,CAT
2013-11-29,50,CTL,BAP,AIG,CSCO,T,BG,COF,DOW,TAP,WFC,NBR,IGT,HES,PNC,EBAY,TDS,RF,INTC,C,ALL,GS,TGT,CNA,KEY,APO,AFL,GLW,MET,EXC,PNW,OXY,MS,JPM,KSS,LUK,USB,ASH,BAC,BBY,ACM,GE,AFG,LNT,VZ,FLEX,QUAD,TRV,BRK.A,BRK.B,PRU
2013-12-31,50,C,BAC,MS,JPM,WLP,PNC,PFG,ALL,MET,AXS,ACE,T,TRV,PFE,LNC,RF,NOV,PRU,AFL,RE,MBI,VOYA,FSLR,WFC,TGT,LUK,BAP,HUM,SLM,HIG,CME,LMCA,WRB,RSG,AIG,PGR,JBL,SAIC,LDOS,BG,DGX,CTL,COF,ANAT,USB,HPQ,GNW,CNA,AFG,F
2014-01-31,50,C,MET,PRU,COF,CTL,TRV,XRX,JPM,MS,ACE,PFG,HIG,BG,CNA,GE,LNC,SLM,WLP,TGT,AFL,AIG,UNM,IGT,ALL,KSS,T,NOV,WRB,ORI,IVZ,ACGL,BBY,OXY,LMCA,AAPL,GME,RGA,GNW,KEY,PSX,CME,RE,PGR,VOYA,WFC,AMP,CINF,MBI,BAC,USB
2014-02-28,50,BAC,C,JPM,MS,PRU,T,WFC,BAP,PNC,MET,TRV,COF,AXS,RF,AIG,CSCO,KEY,ACE,HFC,HES,CINF,MPC,USB,HPQ,PSX,GE,FITB,AFL,SYMC,INTC,CME,XRX,CMCSA,VLO,PFG,VZ,CAG,GNW,NOV,ALL,WLP,AGCO,AIZ,F,HBAN,SLM,HBHC,ORI,RS,BG
2014-03-31,50,C,PRU,MS,BAC,PHM,AFL,NWS,AIG,VOYA,NWSA,SYMC,IP,IGT,ZION,IR,EBAY,GS,GM,ACE,TGT,MET,TRV,CYH,LBTYA,CMCSA,DOW,NTAP,DHR,AIZ,HIG,JPM,BG,UNM,NDAQ,LMCA,COF,LUK,KKR,LBTYK,MU,XRX,CNO,LDOS,CNA,LNC,NOV,ALL,PNC,PFE,CCL
2014-04-30,50,BAC,JPM,RF,FITB,COF,PRU,CNA,MS,MET,USB,PNC,HBAN,LUK,KEY,UNM,VOYA,C,ZION,WLP,MBI,WFC,APO,RGA,UNH,IGT,LNC,BX,CME,CLF,GS,CNO,BLK,ADM,LBTYK,GNW,PB,ALL,HBHC,FHN,PHM,WDC,LBTYA,DOW,SF,HIG,BOKF,PNR,AMGN,FNB,WTFC
2014-05-30,50,BAC,C,MET,JPM,MS,GNW,NAVI,SLM,RF,FITB,AFL,HIG,TGT,WFC,PFE,T,CNA,KMPR,PNC,PRU,BG,VLO,HTH,ACXM,VOYA,EBAY,CNO,GM,CMC,APO,GE,WAFD,ANDE,BPOP,PFG,ACE,BKE,TTEK,AEO,VLY,OLN,LNC,AIG,FCNCA,CLF,WDR,HPQ,WTFC,HELE,AFG
2014-06-30,50,C,BAC,CTL,VLO,AIG,ADM,SLM,ACE,MS,T,CNA,WLP,JPM,GE,PSX,ALL,VOYA,DOW,CME,AXS,MBI,TRV,AIZ,EBAY,MDLZ,CSCO,PFE,HFC,PBF,CINF,GNW,CMC,RE,KSS,OLN,ORI,CLF,XRX,CAG,CRH,HPQ,ICE,BRK.A,WFC,BRK.B,CVS,BKE,LBTYA,DK,ACXM
2014-07-31,50,GNW,GLW,PNC,GM,MET,AIG,CNA,ORI,TRV,BAC,RF,HIG,ALL,ETR,PRU,COF,PHM,FITB,KEY,RNR,UTX,MBI,JPM,TAP,ACE,ACGL,DHR,WFC,EXC,CRH,ETN,PEG,NRG,PGR,MS,HUM,GE,AFL,C,OXY,RE,WBS,AFG,USB,BPOP,HBHC,RCII,MRVL,CINF,RS
2014-08-29,50,JPM,FITB,RF,WFC,T,USB,COF,PRU,PNC,MET,CSCO,BAC,C,KEY,MS,BPOP,MDLZ,HBAN,SLM,HES,GS,JNPR,AFL,IGT,ZION,APO,PFE,RGA,ICE,CNA,NTRS,XRX,VOYA,GE,NWSA,NWS,GM,ALL,NRG,VZ,TRV,FTI,BX,GLW,F,ACE,LNC,AIG,NAVI,CTL
2014-09-30,50,VLO,NOV,GLW,F,HPQ,MET,GNW,FTI,AIG,AFL,GM,HFC,MDLZ,XRX,MPC,MBI,CAT,UNM,ETN,PSX,DAL,PRU,KBR,EBAY,WDC,MS,COF,C,PHM,JPM,L,CTL,ARW,JNPR,AGO,ACE,PNC,BAC,SPW,ORCL,LNC,FITB,WFC,BPOP,STNG,BX,ORI,USB,OXY,TRV
2014-10-31,50,BAC,MET,MS,JPM,ADM,COF,NOV,PRU,RF,AIG,PNC,DOW,GM,XRX,C,FITB,CFG,VOYA,CSCO,WFC,T,F,NTRS,EBAY,CTL,KSS,JNPR,UNM,KEY,USB,CRH,OXY,BK,NRG,PFG,ACE,PSX,CNA,IGT,GE,NWS,HPQ,LYB,HBAN,ALL,LNC,AXS,WLP,MRVL,TROX
2014-11-28,50,BAC,PRU,MS,CVX,HES,GNW,JPM,NOV,COF,AFL,CTL,C,UNM,CNA,PNC,T,L,FTI,AIG,FITB,CFG,MET,HFC,RNR,WFC,RF,ETR,QCOM,AFG,AIZ,CYH,SLM,ACE,TRV,SLB,ACGL,ZION,CLF,LYB,WLP,XOM,NWS,ANAT,FSIC,GME,NWSA,RGA,CINF,BPOP,GLW
2014-12-31,50,MET,CTL,T,DOW,COF,MDLZ,GNW,F,GE,NOV,C,NRG,VLO,ACE,CAT,ADM,CNA,ANTM,XRX,WFC,RE,PFG,PFE,TRV,TAP,AIG,MRK,LMCK,BG,GD,LMCA,MPC,FTI,IVZ,HFC,CRH,MBI,JEC,VOYA,VZ,BAC,FSIC,GME,NWS,BAP,XOM,HAL,BEN,INTC,HIG
2015-01-30,50,BAC,MET,PRU,MS,C,AIG,COF,RF,NOV,FITB,LNC,PNC,ADM,FTI,VOYA,UNM,GNW,PFG,CTL,ACE,AFL,WFC,CAT,SLM,BK,USB,MTB,HPQ,GE,KEY,CFG,QCOM,JEC,ZION,HIG,NRG,NAVI,L,PB,TRV,RGA,BPOP,XRX,WDC,T,AIZ,DOW,HBHC,EBAY,MBI
2015-02-27,50,BG,NOV,ETR,BAC,CVX,CTL,DUK,HPQ,ADM,ALL,GLW,TRV,EXC,ED,PRU,XRX,CCL,BRK.A,MS,BRK.B,AEP,ACE,COF,SO,XOM,FE,CFG,BAP,NEE,WFC,PCG,HIG,ES,PEG,MRK,MDLZ,INTC,T,TAP,QCOM,PPL,OXY,MET,TSN,WMT,DTE,XEL,CAG,RSG,EIX
2015-03-31,50,C,BAC,MET,PRU,CTL,NOV,JPM,HPQ,GLW,T,RF,XRX,DUK,MS,CFG,LNC,GE,MOS,CSCO,VOYA,AIG,COF,ACE,FITB,WDC,CMCSA,TSN,FTI,INTC,WFC,F,PFG,USB,MU,ADM,NWSA,NWS,PNC,KKR,BEN,CNA,QCOM,ALL,SYMC,MRVL,RE,ANAT,AXP,MSFT,OXY
2015-04-30,50,XRX,GLW,TRV,VLO,ACE,PNC,MTB,CNA,MOS,KSS,ALL,CINF,HIG,USB,COF,CME,MET,VOYA,AFL,BAC,C,BBY,PRU,TRN,TYC,WMT,ANTM,JPM,DHR,NAVI,MRVL,LNC,RGA,PGR,PFE,TOL,BPOP,HBAN,WRB,ACGL,BRK.A,F,WHR,BRK.B,PFG,UTX,NDAQ,THG,AIG,AMP
2015-05-29,50,CTL,NOV,CNA,ALL,C,GNW,F,AFL,LNC,ACE,MET,TRV,KSS,GLW,FSLR,HIG,IGT,T,XRX,ETR,NUE,JPM,NWS,PRU,DOW,WMT,HPQ,NWSA,PFG,NAVI,NTAP,DAL,OXY,XOM,NRG,COF,FITB,BEN,PNC,SLB,BBY,USB,WFC,CINF,AFG,POST,IVZ,BK,DDS,BPOP
2015-06-30,50,CTL,HPQ,ADM,RIG,ETR,GLW,ACE,WDC,XRX,MU,TRV,AGO,NEM,INTC,BK,ALL,CSCO,BPOP,IVZ,JPM,C,BG,QCOM,NRG,AFL,NAVI,BRK.A,BRK.B,CNA,F,ORCL,NUE,ED,PEG,EBAY,PRU,LNT,MDT,NEE,DOW,CFX,UTX,DUK,GE,JEC,PFG,DAL,SYMC,BEN,SJM
2015-07-31,50,COF,NEM,GLW,CTL,NOV,BG,RIG,LNC,DOW,MET,MOS,NAVI,PRU,JPM,UTX,ADM,ANTM,BEN,GNW,GE,INTC,VOYA,FTI,T,FITB,VLO,CFX,ETN,CAT,HPQ,PNR,ETR,RE,CNA,RF,ASH,PNC,TGI,XRX,HBHC,IR,AFL,C,BBY,PB,KSS,CNO,LYB,EMR,UNM
2015-08-31,50,MET,C,ALL,PRU,JPM,LNC,VLO,VOYA,GNW,CNA,MU,AFL,KKR,PNC,KSS,HPQ,RF,NAVI,CVX,PFG,BK,GLW,COF,ACE,BEN,ANTM,BG,F,CTL,XRX,CSCO,WFC,DOW,CMCSA,MPC,ADM,IVZ,FITB,NRG,IGT,TRV,MTB,AMP,UNM,WMT,PFE,AIG,QCOM,AGCO,HYH
2015-09-30,50,C,MET,JPM,COF,PRU,NRG,VOYA,MOS,HPQ,RIG,ADM,LNC,EBAY,RF,CTL,WDC,MU,NUE,CYH,CAT,BEN,NOV,MRVL,FITB,CFX,AIG,XRX,DOW,PFG,KEY,CNA,UNM,IVZ,KSS,F,STLD,PNC,NEM,WFC,NGL,BK,ETN,SLB,NAVI,MDT,POST,BX,NWSA,IP,HUN
2015-10-30,50,XRX,JPM,C,NRG,MET,WDC,FITB,HIG,CYH,PNC,WMT,VOYA,BG,KEY,KSS,MRVL,VLO,FNF,ANTM,PRU,NOV,RF,T,CFX,BPOP,BBY,COF,TSN,CNA,USB,TGT,AXS,ETR,CFG,PWR,WFC,ALL,AXP,RE,PFG,PVH,NGL,PPC,HPQ,BK,CMI,STX,UNM,MTB,RGA
2015-11-30,50,ADM,COF,NEM,C,MET,HIG,MOS,RIG,CTL,WRK,ANTM,WDC,JPM,RGA,NAVI,CSCO,ACE,NRG,BAC,CNA,F,ALL,KEY,VOYA,CVX,PFE,T,ACGL,BRK.A,BRK.B,PRU,LNC,TRV,PGR,QCOM,BBY,M,AFL,SYMC,NUE,ETR,HPQ,CVS,AIG,GLW,PFG,BX,NWSA,AMP,WFC
2015-12-31,50,COF,MET,C,PRU,PFG,LNC,AFL,VOYA,HPQ,RIG,MOS,UNM,CTL,BAC,WRK,BEN,BK,JPM,ETN,HIG,RF,NOV,MU,NRG,RGA,CYH,PVH,SLB,KKR,ARCC,CMCSA,CFX,CNA,POST,GS,PNR,FITB,M,NGL,PB,KMI,ZION,MPC,GME,AGCO,NAVI,USB,LYB,NEM,F
2016-01-29,50,C,PRU,BAC,HPQ,LNC,JPM,FITB,VOYA,WRK,COF,MET,RF,WDC,DOW,RIG,PFG,BK,CFG,MOS,AB,NAVI,AXP,KEY,TCBI,EBAY,PNC,F,HBAN,AGIO,TGI,BLUE,CSCO,WETF,ESNT,UNM,AMP,RJF,MPC,HIG,DAN,HALO,PRTA,XRX,NUS,NBR,CYH,ITCI,GS,WFC,EVR
2016-02-29,50,C,MET,BAC,JPM,PRU,CVX,VLO,PNC,RF,LNC,CFG,CNA,RIG,VOYA,WFC,MPC,GS,USB,WDC,FITB,KEY,NOV,KKR,MTB,AIG,BK,SYF,IVZ,NWSA,CYH,ARCC,AFL,COF,AFG,PACW,KSS,PFG,NWS,T,UNM,TRV,TRN,INTC,ITCI,PRGO,AXS,ORI,AMKR,SEAS,EWBC
2016-03-31,50,JPM,C,BAC,COF,PNC,RF,PRU,GS,MS,BK,VOYA,F,WFC,USB,PFG,WDC,LNC,RIG,KEY,L,KMI,VLO,MET,CB,AFL,SYF,AXS,CTL,DOW,ALL,KSS,FITB,PSEC,UNM,QCOM,PFE,RE,T,RGA,CFG,POST,ADM,ORI,SLB,MOS,UAL,CNO,AFG,HIG,SNX
2016-04-29,50,XRX,HIG,TRV,VLO,LMCK,LMCA,ALL,RE,CCL,GLW,UAL,CTL,MET,WDC,PRGO,AXS,CNA,T,CB,FE,DAL,SYMC,HPQ,INTC,PGR,BEN,RNR,CME,AAPL,FNF,NTAP,RGA,CSCO,COF,JPM,PNC,AFG,KSS,STX,JNPR,BAC,LNT,KMI,IGT,GT,C,SNX,PRU,FAF,THG
2016-05-31,50,C,CTL,VLO,MPC,GS,RIG,MET,BAC,ANTM,KSS,MOS,NOV,F,RE,PRU,USB,COF,JPM,T,DOW,NAVI,PNC,HP,AFL,TGT,CFX,HFC,FTI,ARCC,ETN,UAL,NUE,CCL,HIG,OMF,MTB,M,VOYA,FITB,NNI,WLK,BRK.A,GME,FE,FSIC,ATI,L,BEN,BRK.B,CAT
2016-06-30,50,MET,PRU,BAC,C,COF,MS,VOYA,PNC,JPM,BK,LNC,RF,CFG,KEY,HPQ,SYF,PFG,FITB,NAVI,UNM,USB,HBAN,WFC,VLO,IVZ,OMF,WCC,CNA,LPLA,SYNA,BEN,MTG,SF,NSAM,UAL,DAL,KW,CATY,CACI,AMP,CCL,EVR,XRX,AXP,ZION,F,CNO,HMHC,BPOP,HIG
2016-07-29,50,RIG,VOYA,PBF,NGL,VLO,VLY,T,C,CALM,NOV,TRV,SANM,ALL,F,OMI,GIII,CB,OII,JPM,IBKR,WFC,PNC,GMED,NRG,PRU,HIG,FNB,RNR,THG,ANTM,MTB,CXW,KEX,GEF.B,ORI,PTEN,FULT,FSIC,UNF,BK,CMP,MET,HP,ALGT,SUN,PSEC,CNO,ANAT,CBSH,AXS
2016-08-31,50,CTL,T,MET,HPQ,FE,NUE,SYF,TRV,XRX,ALL,JPM,ANTM,SJM,CVS,DOW,RIG,HIG,NEM,RS,WMT,PFE,ACM,COF,PRGO,NNI,RE,PRU,JBLU,GIII,LNT,F,CMC,AFL,C,L,STLD,TGT,CAH,ADM,CB,NWN,THG,CMCSA,LBTYK,DHR,LBTYA,PGR,GILD,BAC,ORI
2016-09-30,50,BAC,GS,C,MS,VLO,F,COF,WFC,JPM,LNC,USB,BK,MET,TRV,AFL,KEY,MPC,RF,CFG,MTB,STT,PNC,L,VOYA,PRU,BEN,DOW,ORI,DHR,BRK.A,ETN,BRK.B,UNM,CTL,AXS,POST,CVS,HMHC,AXP,PSEC,SYF,AMP,DSW,BPOP,PFE,HBAN,AIG,ALL,T,PGR
2016-10-31,50,HPQ,T,NOV,NWSA,NAVI,NWS,TRV,AMP,AFL,KMI,MCK,DVA,CAH,ALL,INTC,CRS,IVZ,PRU,NTGR,F,C,MET,ATI,AMGN,PNR,CVS,NEM,CINF,DDD,BAC,ETN,PRGO,VAC,FCN,UFPI,MS,LXRX,PFE,EXAS,XRX,BEN,OMF,CNS,WRK,COF,OC,SYNA,RS,ORI,CTB
2016-11-30,50,CTL,F,CVS,XRX,NWSA,NWS,FE,HPQ,CSCO,ALL,DOW,L,TSN,OMF,NEM,AFL,TRV,MDT,C,CB,AIG,COF,WMT,IGT,T,MET,LBTYK,CNA,SJM,DHR,KHC,PFG,LBTYA,KMI,FNF,PFE,HIG,THC,CRH,PRGO,SPH,RE,MS,VLO,NEE,QCOM,STT,PRU,EXC,BAC
2016-12-30,50,MET,KMI,XRX,AFL,STT,MS,NAVI,PRGO,KSS,IVZ,BAC,HUM,COF,C,AMP,WMT,PRU,PVH,CTL,F,HIG,VOYA,M,TGT,QCOM,HPE,ORCL,LBTYK,NOV,MDT,PFG,LBTYA,BBY,JEC,DDS,BEN,DHR,AMBA,MCK,PRTA,ANTM,HUBS,CINF,ATI,DECK,MRK,FE,RL,WRK,CVS
2017-01-31,50,C,XRX,KSS,HP,JBLU,TRV,PRGO,LDOS,HPE,QCOM,STT,GS,FTI,LNT,STLD,WMT,TGT,CINF,AFG,ADM,T,MET,FITB,RGA,NTRS,VLO,AES,PRU,FE,BK,M,L,COF,PFE,RL,IVZ,MS,CVX,UGI,AIG,HES,COP,NOV,AFL,EXC,TMK,ZION,BAC,CB,CVS
2017-02-28,50,MET,T,CTL,CVX,WDC,KMI,F,GILD,VLO,LYB,INTC,CRH,SYF,HIG,PNR,TSN,DOW,MS,L,IP,CFG,TRV,AFL,PRU,BAC,C,FTI,NEM,HPE,CMCSA,CNHI,DAL,UAL,FCX,STT,RIG,LNC,AIG,COF,CI,FITB,CB,WRK,CVS,MSFT,GIS,OMC,CPB,IR,HUM
2017-03-31,50,COF,F,PRU,VOYA,BAC,FITB,LNC,CFG,PRGO,C,MET,KEY,PNC,RF,JPM,RIG,USB,SYF,TRV,HBAN,BK,DAL,HIG,CVS,UNM,OMF,M,BPOP,GS,NWL,TGT,T,RGA,CB,MTB,BRK.B,IGT,BRK.A,AMGN,VLO,AFL,CTL,ALL,SJM,DNOW,NEM,CVI,KSS,KMI,SFBS
2017-04-28,50,C,COF,MET,F,T,RF,VLO,PRU,FITB,JPM,SYF,RIG,BAC,BK,KMI,QCOM,HBAN,ALL,BG,NOV,CB,MCK,TRV,NEM,VOYA,DOW,AIG,USB,XRX,KSS,PNC,PFE,SJM,DHR,CTB,DAL,HIG,CME,WRB,PACW,IGT,KHC,BRK.A,CSCO,CAH,BRK.B,MOS,IMAX,SLB,STMP
2017-05-31,50,MET,COF,VOYA,BAC,KMI,PRU,CFG,JPM,F,CVS,VLO,RIG,CSCO,KEY,T,FITB,BPOP,TSN,SYF,C,LBTYK,M,BK,PFG,LBTYA,PNC,PRGO,CTL,PSEC,HBAN,UNM,IGT,LNC,MOS,SIG,ARCC,RL,CNA,DOW,BEN,USB,ORI,PFE,RF,GILD,PACW,STT,AFL,NAVI,THG
2017-06-30,50,T,F,CTL,INTC,NEM,TGT,BG,QCOM,KHC,WMT,PRU,SJM,JNPR,ACGL,RIG,MPC,M,KSS,C,CSCO,HL,UNFI,CB,COF,CPE,AFL,UAL,DVA,MET,MTDR,DLTR,RNR,CMCSA,USB,TAP,SLB,PFG,TRV,MXL,ALL,LEA,KMI,CRH,URBN,RE,ADM,AES,ANTM,ORI,TRGP
2017-07-31,50,C,MET,CTL,CFG,WDC,NTRS,VLO,RF,JPM,QCOM,F,HBAN,CB,NAVI,TRV,CVS,KEY,UAL,MTB,GLW,MDT,LUK,FITB,ENBL,USB,SYF,COF,HUM,PNC,WFC,AFL,ORI,ATGE,PRU,PFE,ASB,ANTM,UTX,MSTR,DHR,NWL,CNA,ONB,BEN,CME,FMBI,AMED,CSCO,ALL,CAKE
2017-08-31,50,PRU,COF,MET,BHF,CTL,C,CFG,MTB,TRV,LUK,CB,CNA,VOYA,LNC,PNC,PFG,KMI,L,RF,ALL,CVS,M,HBAN,RGA,JPM,F,SJM,USB,RE,MPC,T,NWL,FITB,UNM,PSEC,KHC,MCK,COP,INTC,HIG,CVX,NAVI,DISCA,TGT,DDS,COTY,GME,BPOP,KSS,BGS
2017-09-29,50,RE,AFL,BG,KHC,WDC,TAP,TRV,PRU,CB,ALL,COF,JPM,BRK.A,SYF,HIG,BRK.B,T,ANTM,UTX,CNA,HUM,RNR,AXS,KMI,ADM,BPOP,CTL,NEM,CCL,MDT,CMCSA,NWL,LBTYK,L,PFG,LBTYA,USB,MET,BKD,HA,WRK,RCL,WMT,PLAY,QCOM,FE,SUPN,VOYA,VIAV,ORCL
2017-10-31,50,T,CVS,KMI,XRX,CINF,MCK,LBTYA,JNPR,M,KSS,KHC,LBTYK,NAVI,PAA,BEN,HIG,HBAN,NEM,TAP,MET,F,CTL,GILD,EPD,MRK,ADM,C,AXS,NWL,PRU,WHR,SJM,PNC,BG,AMGN,DISCA,BPOP,USB,AFL,CNC,LUK,PACW,VLO,PFE,BRK.B,ALL,CMCSA,ACM,BK,ZION
2017-11-30,50,COF,MET,KMI,WDC,CTL,RE,C,NWL,BHF,AA,PAA,TAP,ADM,ACGL,USB,BG,PNC,CVX,F,JPM,TRV,CB,EPD,OMF,CNA,BRK.B,BRK.A,RIG,SIG,WRK,MTB,XOM,HUM,XRX,PRU,ETN,CRH,LNC,L,ZBH,ENBL,RNR,INTC,AFL,ORCL,GILD,MU,AXS,CFX,NEM
2017-12-29,50,MET,CB,C,PRU,BK,CNA,ACGL,USB,RGA,HIG,F,CVS,VST,UNM,RNR,FE,AFL,MU,KHC,L,TRV,AGO,AXS,ENBL,WDC,FITB,BHF,PFG,RE,RCL,LNT,JNPR,LNC,TOL,LUK,ANTM,PNC,VLY,ADM,JPM,FNF,JBL,ALL,CNO,MTB,ORCL,HBHC,CFR,GILD,QCOM
2018-01-31,50,MET,F,T,ALL,AFL,PFG,COF,UNM,C,NWL,PRU,ACGL,KMI,CNA,AIZ,BEN,HFC,BK,SYF,VLO,HIG,LNT,PGR,MU,AA,TOL,LUK,CB,SIG,FSLR,JNPR,AXP,RE,TSN,RGA,KHC,TAP,L,LEN.B,WFC,ASB,CINF,TMK,USB,AVGO,XOM,AXS,KEY,CNO,ANAT
2018-02-28,50,MET,PRU,CVS,PFG,WFC,BHF,COF,KMI,C,F,KHC,LNC,XOM,LUK,CB,SYF,CMCSA,DWDP,HIG,RIG,LEN.B,BEN,USB,TAP,WMT,CFG,ALL,TRV,MUR,ORI,LEN,WMB,MCK,AA,LBTYA,L,LBTYK,UNM,CRH,CI,T,CFX,GILD,CNC,CVX,PHM,JNPR,ANTM,BRK.A,BRK.B
2018-03-29,50,DWDP,WFC,BK,COF,PRU,STT,SYF,CVS,KEY,USB,KMI,CTL,PNC,RF,CMCSA,BRK.B,T,BRK.A,UNM,MET,PFG,CFG,LUK,BHF,AFL,MTB,BAC,CI,FCX,TGT,RCL,LNC,ADT,CB,XOM,CSCO,HBAN,CLNS,JHG,CNA,QCOM,DISCA,SIG,ORCL,FITB,CAH,ZBH,CF,ZION,ENBL
2018-04-30,50,T,COF,WDC,TRV,CMCSA,IVZ,RE,PNC,WFC,DWDP,TAP,MU,FCX,BRK.B,BRK.A,PFG,SYF,ACGL,CB,RCL,STT,AR,PRU,ETN,LEN.B,CNA,QCOM,CINF,WRK,MTB,SJM,KSS,MET,OC,LEN,USB,ORI,RDN,CFG,FAF,HBAN,LNC,MTG,RF,AMG,F,MD,PG,ATUS,JHG
2018-05-31,50,PRU,BAC,MET,BAP,L,T,TAP,CB,UNM,ALL,PFG,MTB,CNA,CVS,STT,USB,PNC,JEF,FITB,RF,CTL,DXC,CFG,BRK.B,AFL,TRV,BHF,BRK.A,LNC,F,CMCSA,HIG,DWDP,KEY,COF,RGA,IVZ,NWL,ZBH,RNR,PAA,RE,CAH,ACGL,GILD,CSCO,WFC,CVX,HBAN,CINF
2018-06-29,50,MET,PRU,PNC,BAC,COF,MS,AFL,F,RGA,VOYA,PFG,SYF,BHF,TRV,WDC,T,LNC,VLO,WFC,STT,CB,MPC,BEN,ALL,CFG,HIG,EQH,UNM,CCL,CNA,FITB,L,DAL,MU,BK,BAP,HFC,IVZ,MTB,NEM,BRK.B,RF,TMK,MCK,PSX,TOL,CAH,VST,CRH,AFG
2018-07-31,50,F,STT,SYF,WDC,COF,T,CTL,TAP,TSN,BK,AR,MCK,FCX,VST,RE,BAP,DWDP,GE,XOM,MET,NXPI,NEM,AA,CRH,ATUS,CSCO,AVGO,L,CNA,NWS,RIG,INTC,PRU,ALL,JNPR,HIG,LBTYK,NWSA,FNB,CFG,LBTYA,WFC,DISCA,BAC,KMI,LH,CVX,EBAY,LEA,WRK
2018-08-31,50,BAC,F,BAP,PRU,C,WDC,MS,MET,PNC,HIG,T,L,CB,BK,TAP,STT,NEM,PFG,WFC,FCX,SJM,KEY,AFL,CNA,CVX,IVZ,BHF,M,FITB,NWL,LBTYA,COF,NWSA,LBTYK,JEF,PSX,NWS,AFG,LNC,ENBL,MU,KMI,MTB,AR,VOYA,RF,CFG,NXPI,RIG,AMG
2018-09-28,50,WFC,DWDP,F,COF,BAC,PNC,MS,CFG,TAP,CTL,WDC,KEY,MU,BEN,FITB,BK,HBAN,MET,STT,IVZ,RF,MTB,LEN.B,LEN,PSX,PAA,C,CB,CMCSA,ALL,GE,TRV,PRU,FCX,VLO,USB,NXPI,LYB,NEM,PHM,TSN,VOYA,L,AR,HIG,WLK,WRK,JCI,LEA,AFL
2018-10-31,50,DWDP,STT,MU,WDC,PFG,MET,VLO,DXC,C,BAC,PRU,VOYA,WRK,COF,MPC,LNC,FCX,T,BK,ETN,PNC,GE,RIG,AFL,NWL,KEY,CVX,PAA,BLK,IBM,LYB,PACW,AR,SYF,SWK,L,EMN,CTL,DISH,HIG,MS,PSX,LUV,FSLR,SLB,RF,RJF,LBTYK,OMF,ADT
2018-11-30,50,CTL,C,MS,F,SYF,PRU,COF,ALL,VLO,DXC,CFG,T,BAC,BAP,RF,PSX,MU,HIG,IVZ,AR,JPM,SLB,WFC,KEY,KSS,TSN,MPC,TAP,TGT,LEN.B,ARCC,KMI,COP,PNC,FITB,XRX,UNM,CRH,LBTYK,HBAN,LBTYA,PGR,L,SJM,DWDP,JHG,PRGO,STT,SCHW,HFC
2018-12-31,50,C,COF,F,CTL,MU,PRU,BAC,WDC,MS,WFC,STT,LNC,KEY,PNC,CFG,UNM,WRK,NWL,USB,IVZ,RF,HBAN,MET,JPM,SLB,BHF,XRX,MTB,TAP,FITB,AR,PRGO,PFG,DXC,CCL,SYF,DISH,LH,ADT,CVS,NXPI,DWDP,XOM,ZION,FNB,MOS,NTRS,TMK,AMP,SIG
2019-01-31,50,CTL,T,COF,CB,AFL,MS,BEN,CVX,PNC,CNA,RGA,L,ALL,MET,BAP,JPM,M,WFC,TRV,HIG,DWDP,CMCSA,PFE,PRU,CVS,ARCC,ORI,XOM,RE,BRK.B,BRK.A,PFG,NEM,AMGN,CINF,DAL,MO,VZ,INTC,RNR,MDT,KSS,BLK,STT,AFG,JNPR,COP,BAC,WMT,ZBH
2019-02-28,50,DWDP,BAC,T,MS,CTL,JPM,WFC,MET,C,CVS,PNC,USB,TAP,F,CB,GILD,BK,L,STT,COF,BAP,NWL,WRK,BRK.A,BRK.B,KHC,LUV,CI,FITB,MPC,LYB,UNH,TSN,CNC,SLB,VLO,CNA,ADM,MTB,WMT,AFL,KSS,IP,SCHW,WLK,MKL,CME,PRU,BIIB,AVGO
2019-03-29,50,MET,PRU,BAC,CVS,STT,C,RF,CFG,KEY,GS,USB,COF,CTL,ADT,CI,FITB,ANAT,BHF,WFC,LNC,WDC,HBAN,BPOP,BK,FNB,PACW,AIZ,MU,MTB,UNM,DISCA,PNC,T,FHN,ZION,ASB,NWL,SCHW,ENBL,WBS,JEF,CCL,GT,PFG,PB,BAP,F,HUN,FLEX,VOYA
2019-04-30,50,WFC,T,CVX,CTL,BK,DWDP,CVS,AFL,BHGE,COP,WRK,MU,PSX,STT,CI,MPC,XOM,CB,OXY,PAA,FCX,KMI,PFE,MET,SLB,TRV,ALL,GS,STLD,NUE,NEM,INTC,HFC,ZBH,AR,BIIB,HIG,VZ,MDT,MO,CAH,ANAT,M,BEN,L,C,MOS,DXC,UTHR,WDC
2019-05-31,50,MU,STT,MPC,GS,BK,MS,DWDP,PRU,VLO,WDC,WFC,CVS,DXC,BAC,SLB,COF,F,WRK,KSS,CI,PNC,HFC,PSX,RF,UNM,USB,TAP,NUE,CTL,LNC,SYMC,FITB,NXPI,STLD,BHF,XPO,CFG,AMG,KEY,M,JHG,XOM,NTRS,EMN,MOS,DOW,AVGO,FCX,ZION,OXY
2019-06-28,50,DD,COF,STT,BK,WFC,PRU,T,MET,MS,LEN.B,SYF,SCHW,CB,LEN,FITB,CVS,F,USB,OXY,KSS,BHF,TAP,PNC,UNM,CMCSA,TRV,IVZ,UTX,KMI,NTRS,BAC,CNA,ALL,RE,L,RF,KR,RJF,CFG,ADT,SJM,COP,BPOP,PGR,DOW,VZ,AFL,VOYA,ORI,KDP
2019-07-31,50,DD,F,MET,COF,AFL,PRU,L,DOW,COP,WFC,TRV,ALL,CVX,MTB,MS,UNM,IVZ,XRX,PFE,BEN,RGA,XOM,T,BRK.B,BRK.A,WRK,PNC,KDP,HPE,NWL,LYB,RJF,LEA,VLO,MPC,PFG,PAA,DISH,CAH,EMN,LEN.B,CVS,SLB,STT,AMG,KMI,PVH,MHK,BWA,TAP
2019-08-30,50,PRU,DD,MET,MPC,KHC,BK,COF,STT,SLB,DXC,L,PNC,MS,COP,CI,SYF,OXY,VLO,BAC,FITB,USB,UNM,BHGE,IVZ,F,DOW,WFC,SCHW,RF,AFL,HFC,CTL,KEY,M,WRK,PAA,VOYA,CFG,PFG,AA,CAH,BIIB,MTB,IP,BEN,EMN,LNC,XRX,NUE,XOM
2019-09-30,50,F,MU,CI,MS,CVX,DXC,PAA,ET,CNC,CVS,COF,MO,ANTM,TRV,LBTYK,CB,MET,T,LBTYA,DISCA,KDP,ALXN,AXP,MCK,ENBL,KMI,AVGO,SYF,WFC,GILD,AFL,FOXA,CMCSA,CTSH,TSN,UNH,FOX,ALL,FITB,PRU,REGN,BRK.B,BRK.A,EOG,DD,HIG,USB,PNC,CCL,CNA
2019-10-31,50,TRV,DD,F,CB,PAA,CNA,TAP,MET,ALL,OXY,ET,HIG,T,CVX,PFG,L,BKR,RE,KMI,PGR,WFC,ENBL,BG,XOM,ORI,PRU,RNR,SLB,EPD,WMB,COF,KHC,CMCSA,COP,AFL,HBAN,SYMC,AVT,CAG,IBM,EOG,UNM,AFG,SJM,ADS,MTB,LEN.B,DXC,KEY,RF
2019-11-29,50,T,DD,MPC,CB,OXY,PRU,ET,TAP,PAA,VLO,KMI,CVX,HFC,KSS,CNA,WFC,PSX,LEN.B,PFG,PNC,RF,LBTYA,LBTYK,COF,CMCSA,HPE,MU,MS,LEN,AFL,F,ACGL,WMB,CINF,FITB,MET,ENBL,AA,VZ,CSCO,XOM,RGA,TRV,EXPE,BEN,USB,PRGO,OLN,BPOP,KHC
2019-12-31,50,DD,CTL,PRU,MPC,CVS,AFL,SYF,MET,LEN.B,VLO,LEN,USB,PSX,UNM,SCHW,HIG,MS,F,COF,TRV,RGA,DXC,WFC,KDP,ALL,CNA,PFG,BHF,HFC,XRX,ADT,CVX,LUV,MCK,CAH,UAL,BK,GILD,DOW,T,FAF,CI,CB,IP,SJM,MHK,AIZ,JHG,KHC,PGR
2020-01-31,50,DD,MPC,BK,CVX,DOW,KHC,RF,USB,T,PSX,SYF,F,CVS,DXC,WFC,PNC,KEY,COF,PRU,RGA,SLB,HBAN,MET,BKR,STT,VLO,PAA,NUE,HPE,COP,CFG,HFC,TRV,KSS,CI,UAL,ADT,LYB,WMB,EMN,ANTM,TFC,CB,IP,WRK,AA,BWA,XOM,PVH,HIG
2020-02-28,50,DD,F,MS,PRU,CVS,DOW,KHC,MET,VLO,BKR,COP,COF,AFL,PAA,DXC,OXY,CVX,SLB,PFG,XOM,PNC,ET,CTL,WRK,HFC,EOG,USB,KEY,NCLH,CFG,MPC,MTB,IVZ,ENBL,HIG,OVV,UAL,M,LUV,NWL,STT,DAL,RGA,RF,UTX,IP,PVH,BK,DISCA,HPE
2020-03-31,50,COF,MPC,PRU,OXY,MET,SYF,PAA,MS,SLB,BAC,F,GS,KEY,CFG,COP,UAL,TFC,RF,DOW,HIG,LEN.B,FITB,KMI,VLO,DAL,BKR,EOG,PFG,STT,RCL,PNC,HAL,HBAN,RGA,DXC,KSS,CVX,XRX,MGM,LEN,EPD,FTI,NOV,M,T,CB,IVZ,PVH,OMF,UNM
2020-04-30,50,CB,F,T,DAL,TRV,CVS,ACGL,UAL,RE,WFC,IVZ,BAC,LUV,CNA,AFG,CINF,BAP,CI,RNR,BRK.B,USB,AFL,ESGR,BRK.A,MKL,XRX,GE,MS,PNC,KMI,NTRS,HPE,AIZ,MET,LBTYA,GS,L,ORI,BIIB,LBTYK,ALL,SJM,MCK,MTB,PRU,HIG,PFG,VOYA,CMCSA,KMPR
2020-05-29,50,RGA,MET,PRU,AFG,DXC,AIZ,FTI,XRX,TPR,POST,UNM,UA,KMPR,DISCA,UAA,LITE,NWL,AFL,BAC,WFC,COF,ON,T,PVH,OXY,ALL,PFGC,IVZ,USB,CSL,ST,STT,MTB,FLS,CTL,MHK,SLAB,TAP,EQT,NVCR,CVX,CRUS,SCHW,FANG,HUBB,HWM,ICUI,ESGR,BPOP,HIG
2020-06-30,50,PNC,COF,VLO,SCHW,WFC,ET,ANTM,PSX,BAC,CVX,EPD,BIIB,KMI,PFE,CME,FISV,CI,T,TFC,WMB,INTC,MDT,COP,GS,BRK.A,AFL,BRK.B,ZBH,GPN,BMY,EOG,ALL,FOXA,SJM,ALXN,RTX,MET,CMCSA,PRU,LH,MTB,SO,ICE,CVS,FOX,TSN,UNH,XOM,JPM,DUK
2020-07-31,50,WFC,CI,INTC,RTX,COP,CVX,EOG,T,KMI,ALL,GE,PSX,ET,CVS,OXY,DAL,GILD,AFL,GS,BMY,TFC,LUV,ALXN,XOM,CCL,CME,MS,VLO,BAP,USB,RPRX,DISH,SCHW,EPD,CTL,CB,STZ,FOXA,BAC,DOW,FOX,STT,AVGO,MMM,TRV,BX,BKR,LYB,PNC,AMGN
2020-08-31,50,OXY,WFC,CB,T,CVS,USB,MPC,KMI,EOG,HIG,ALL,BKR,KHC,BAC,TRV,AIG,VLO,XOM,MET,GILD,EPD,GS,ANTM,BDX,TFC,MU,MTB,CNC,KDP,LBTYA,LBTYK,CVX,CSCO,PNC,F,PFE,EVRG,LH,BAP,CNA,COP,NEM,MS,CI,DUK,AFL,DD,WDC,L,FISV
2020-09-30,50,MS,KHC,BAC,SLB,STT,BK,PRU,VLO,CVS,KMI,CB,WFC,JPM,EOG,T,HIG,MET,ET,CVX,MTB,CI,TRV,HAL,COP,C,LNC,TAP,PAA,LBTYK,EPD,TFC,NOV,LBTYA,OXY,ACGL,ANTM,DISH,F,PNC,RE,BKR,MKL,BAP,CNA,DXC,AIG,PFG,VOYA,LUMN,RNR
2020-10-30,50,WFC,T,BAC,LEN.B,LUMN,AFL,INTC,LEN,CVS,BAP,VLO,ALL,COP,MET,PRU,LBTYA,LBTYK,SLB,SYF,COF,BIIB,CI,JPM,DISH,FOX,CME,CMCSA,KHC,FOXA,MS,RPRX,GILD,PFG,BK,BRK.B,RTX,KMI,BRK.A,IBM,STT,PHM,CSCO,CRH,CINF,BMY,GPN,PNC,FIS,ET,TSN
2020-11-30,50,T,RNR,CACC,BIIB,PGR,NEM,GILD,DD,ACI,KHC,TRV,NRG,LEN.B,NOMD,KR,F,INTC,LEN,LHCG,JAZZ,BDX,BMY,AIZ,CB,FAF,FLO,VST,CAG,DKS,EXEL,UTHR,VZ,MKL,HUM,BK,ACGL,LH,LITE,ALXN,GIS,PII,BAC,COF,BBY,RE,EQT,FITB,TFC,RS,SJM
2020-12-31,50,T,PFE,F,GILD,VZ,KMI,INTC,WMT,CI,MET,FIS,AIG,TSN,DISH,BMY,CVS,AFL,CB,GIS,CVX,KR,BRK.B,TFC,FISV,BRK.A,TGT,GD,WMB,CMCSA,FDX,D,BBY,CRM,DG,FOXA,ANTM,PRU,FB,FOX,GOOGL,GOOG,CNC,REGN,DGX,GM,GLW,MCK,ETN,EPD,COST
2021-01-29,50,FIS,VZ,ANTM,USB,FDX,FISV,GPN,KO,PGR,PG,LMT,CB,UPS,IBM,HUM,KHC,ORCL,V,PFE,UNH,DG,PEP,ADBE,LIN,MRK,FB,MMC,BAC,COST,RTX,ROST,CL,ACN,TJX,MA,EL,BK,BKNG,DIS,NOC,ISRG,SYK,MDLZ,HON,WM,ADP,BRK.B,CMCSA,LHX,BRK.A
2021-02-26,50,DD,CVS,T,PFE,WMT,KR,VTRS,LUMN,CI,LEN,NEM,GILD,LEN.B,KDP,ALL,GIS,AMGN,MDLZ,BBY,BMY,MMM,LDOS,VZ,CTSH,FB,UNH,ROP,CSCO,DGX,AAPL,TDOC,COST,TMO,REGN,LBTYA,PGR,DG,EA,BDX,FOXA,IBM,CHKP,LBTYK,RPRX,ANTM,VRTX,JNJ,LOW,PG,DHR
2021-03-31,50,CB,F,ET,KEY,BKR,VTRS,MET,OXY,COF,BAP,PRU,PAGS,RF,TFC,IAC,MTB,FOXA,ELAN,BIO,WDC,STNE,RCL,MS,PNC,BRK.A,DD,CFG,BRK.B,SCHW,FOX,TDOC,WMB,RPRX,CMCSA,EPD,HBAN,GS,SYF,XOM,MU,TRV,MPC,EMN,HAL,PFG,VLO,ICE,SLB,FIS,CME
2021-04-30,50,BAP,GFL,F,CLF,BFAM,AZPN,NWL,LAD,QGEN,VST,CABO,CNC,DBX,DD,MKSI,NRG,KSS,NYT,INTC,ERIE,OLED,ABCL,CIEN,CVS,IBRX,BBIO,FLEX,AOS,APPN,MRTX,NBIX,CHDN,STT,FSLR,ALK,JAZZ,ARES,AGCO,HIG,VZ,DISCA,WEX,GNTX,T,TFC,RPM,ACI,ZION,PSFE,BMY
2021-05-28,50,T,OPEN,FSLR,THO,RNR,PFGC,COTY,VST,VOYA,LEN,RE,NRG,EXEL,LEN.B,H,RGA,FATE,SITE,RARE,VAC,CB,UTHR,KSS,CTSH,WEX,LAD,CTVA,JEF,NYT,FVRR,CHDN,ITT,HIG,WAL,BC,DLTR,CNXC,AER,BDX,PGR,MET,GPN,CASY,TXRH,EWBC,AGCO,DCI,RPRX,ARCC,PII
2021-06-30,50,C,BAP,MET,DD,COF,CB,GL,RGA,FHN,KHC,AIG,AER,RF,ZION,CI,AFL,RS,TRV,BWA,T,NEM,ALL,GS,TOL,KEY,MTB,NOV,F,VOYA,TSN,ADS,TFC,OC,CVS,BG,WRK,LEA,HIG,AN,BRK.B,SSB,KMI,ORI,PVH,CF,UNM,BRK.A,CFR,WAL,PACW
2021-07-30,50,IVZ,TAP,NCLH,CRSP,WLK,PENN,QS,FHN,CF,LW,F,CNA,SPCE,OPEN,PAA,OVV,RUN,KSS,CHPT,LFST,NTLA,TPR,MOS,JAZZ,MKSI,C,DNLI,USFD,PEGA,CPRI,SMG,HOG,TREX,RGA,TLRY,MET,FWONK,FSLR,PSFE,KHC,MMP,SNA,RPM,RE,NWL,CRCT,COG,ET,LNC,AOS
2021-08-31,50,CI,T,KHC,FIS,F,CNC,CVX,KMI,NEM,ANTM,XOM,GPN,GM,FDX,CME,EOG,DD,BDX,BMY,AXP,MU,RTX,TMUS,MDLZ,STZ,AMGN,INTC,ZBH,EPD,TGT,GIS,GLW,BRK.A,BRK.B,IBM,APD,CVS,HUM,APTV,VZ,UBER,CMCSA,BSX,SLB,COF,DUK,AMAT,KO,V,LRCX
2021-09-30,50,GS,FDX,BMY,CRH,LEN,CMCSA,DD,AFL,NUE,BIIB,FCX,PFE,CB,NEM,KR,HPE,FB,BLK,EMR,MMM,CSCO,PGR,DOW,ALL,TT,PHM,WDC,SCCO,ETN,GLW,T,FISV,C,IFF,TROW,CI,BRK.B,BRK.A,PPG,UNP,TEL,WMT,JNJ,CARR,TRV,VRTX,GOOG,QRVO,DE,FIS
2021-10-29,50,T,INTC,COF,CMCSA,IBM,BMY,FIS,FISV,GILD,C,BDX,GPN,MRNA,PFE,FB,KHC,MDT,AMGN,BIIB,ALL,DOW,LMT,USB,MO,JNJ,MU,V,TMUS,PYPL,TXN,DHR,TJX,NEM,DD,MCHP,MMM,ABBV,NOC,CVS,MA,LHX,CSCO,MNST,BAX,PG,SNAP,TWLO,LRCX,KMI,SYF
2021-11-30,50,C,T,GS,AIG,CB,CI,MET,USB,OXY,TFC,DISH,ET,FIS,PNC,VLO,COF,XOM,HIG,BMY,MDT,RTX,BRK.A,BRK.B,BAC,PSX,EPD,ZBH,GPN,ANTM,TDOC,DIS,FOXA,FOX,JPM,MS,MKL,AXP,EOG,SLB,BKR,ALL,CCL,CVX,WFC,GE,SCHW,BSX,GD,COP,KDP
2021-12-31,50,C,XOM,TFC,USB,OXY,MDT,ET,PNC,ADI,CMCSA,RF,WMB,COF,KMI,EPD,MRNA,CVX,TGT,F,COIN,CFG,BX,MS,DE,COP,GLW,BLK,REGN,LHX,CINF,OKE,ORCL,TXN,TROW,INTC,GE,BKR,DHR,MMM,ACI,DELL,LUV,BDX,CARR,WMT,PSX,MKL,BBY,EBAY,PFE
2022-01-31,50,LEN,LEN.B,TOL,MHK,C,PAGS,WDC,COTY,SNX,MU,DGX,COF,INTC,JHG,CNC,SYF,IVZ,TROW,JEF,GFL,FSLR,LUMN,SOFI,CACC,T,PVH,LH,CLVT,CNHI,RNR,CLF,AIG,MRNA,AMG,NUE,FLEX,IBKR,XPO,AFG,KNX,F,CIEN,ARW,CB,MET,BIO,STLD,CFX,LBTYK,PENN
2022-02-28,50,C,LUMN,SYF,F,T,FNF,FIS,UGI,ET,MHK,FAF,PAA,CVS,KSS,PAGS,PFE,BWA,UTHR,PNC,KMI,MS,CMCSA,USB,CRH,IVZ,GT,TOL,GFL,AFL,GILD,LEN.B,PRI,WAL,GPN,KNX,SCHW,FDX,RNR,RGA,GL,HFC,DELL,JHG,LEN,TFC,EPD,PFG,CC,CROX,CLVT
2022-03-31,50,C,SYF,COF,F,TFC,LEN.B,OGN,CFG,T,LEN,JEF,MHK,JPM,USB,CRH,CVS,WHR,BPOP,PNC,TOL,PVH,AER,MTB,TSN,IAC,MU,TDOC,LAD,RF,MS,RRX,FITB,PENN,SNX,PNFP,KNX,PB,BWA,PAA,SSB,KHC,KEY,XRAY,SF,ORI,HUN,ARCC,ZION,NWL,GBCI
2022-04-29,50,JPM,F,C,TFC,TDOC,USB,MS,PRU,PNC,CFG,CMCSA,FNF,MET,AFL,BAP,IVZ,BK,FITB,AIG,COF,MRNA,TRV,ZIM,HPE,MU,ALL,HBAN,KEY,LBTYA,ORI,RF,BLK,TROW,LH,LUMN,CB,BKR,FDX,GE,WBD,INTC,AER,RE,LEN,LBTYK,PFG,CG,CVS,FCX,ET
2022-05-31,50,KHC,PRU,DISH,F,COF,AIG,NUE,TFC,MET,SYF,KSS,CVS,CB,CNA,GPN,KDP,TSN,MS,TRV,C,BRK.A,NWSA,NWS,ICE,JPM,BRK.B,JCI,MDT,PNC,HPE,ADM,ET,GD,NEM,T,JXN,CSCO,CLF,USB,HIG,CFG,FOX,JLL,PENN,JHG,AFL,EBAY,GL,CME,SJM
2022-06-30,50,COF,JPM,C,SYF,USB,F,AIG,ET,MU,AER,DOW,PRU,CFG,LNC,NUE,FITB,KMI,WDC,BK,CRH,CVX,GE,INTC,MPC,WBD,HPE,WLK,LEN.B,MET,CTRA,PSX,LYB,CLF,COP,RF,CMCSA,VTRS,FANG,ZIM,HBAN,KEY,LEN,PNC,WRK,JEF,ADM,EQT,OXY,CB,HIG
2022-07-29,50,T,MET,JPM,CB,USB,TRV,PRU,COF,AIG,KHC,BK,VTRS,FITB,ALL,HIG,PFG,CNA,LBTYA,AFL,RE,CINF,LBTYK,ACGL,LUMN,CMCSA,L,CVS,CFG,TFC,UNM,RGA,DOW,NEM,MKL,CVX,VZ,KEY,RNR,PNC,WLK,CI,C,GILD,LYB,VLO,AXS,XOM,REGN,META,FCX
2022-08-31,50,C,T,TFC,MU,BK,CMCSA,FIS,USB,WBD,TSN,TDOC,WDC,MRNA,PRU,LNC,JPM,PFE,ZIM,PNC,LBTYA,COF,LUMN,VZ,MKL,NEM,DXC,LBTYK,LEN.B,LH,BLDR,ADI,STT,FDX,MDT,HPE,LEN,BMY,CFG,BEN,CNA,CNC,OGN,CRM,MMM,MET,EPD,BRK.B,BRK.A,ZBH,DGX
2022-09-30,50,C,F,T,CMCSA,COF,LUMN,LBTYA,PRU,FIS,LBTYK,NUE,USB,WRK,DOW,JPM,FDX,CNC,SYF,WDC,GE,STT,CLF,MU,KHC,CTRA,IP,AR,BEN,META,BK,MET,WLK,VTRS,AA,EQT,TDOC,ZIM,OXY,GPN,CRH,AIG,TFC,KMI,ET,EPD,CVX,HPE,MS,WBD,BLK
2022-10-31,50,CVS,TFC,USB,C,META,MTB,MS,ALL,VZ,LUMN,BK,FOXA,FOX,CMCSA,LYB,EQT,NEM,EPD,PNC,CLF,DOW,KMI,NTRS,BPOP,KNX,ZION,CME,COF,BIO,ADI,FITB,ET,MU,TSN,JPM,LBTYK,CNC,TROW,LBTYA,FDX,MET,FNF,PFE,FIS,TAP,BLDR,MKL,UMBF,MDT,T
2022-11-30,50,FIS,LNC,COF,LUMN,C,STT,ET,TFC,PRU,CRBG,GPN,WFC,CB,MDT,UNM,MET,PNC,EPD,CNC,FITB,T,WBD,CTRA,RGA,JPM,TDOC,BOKF,RJF,FNF,USB,TRV,HBAN,OXY,CI,KHC,PAGS,XOM,FANG,CVX,MOS,L,TSN,BK,VOYA,MTB,SYF,FNB,ELV,EWBC,MU
2022-12-30,50,WFC,GS,COF,TFC,F,PRU,MTB,SYF,CVS,LNC,MET,FITB,EQT,MU,PNC,MOS,CTRA,CRBG,ZG,Z,CFG,BAC,T,JPM,WBD,HBAN,ET,GM,KEY,AR,NUE,OXY,BAP,DINO,USB,CNC,JEF,CMCSA,TDOC,CRM,PENN,WAL,MS,RF,FIS,FANG,MPC,BPOP,KMI,OMF
2023-01-31,50,CVS,MET,CNC,ALL,GS,AIG,CI,PRU,KHC,TRV,JPM,CVX,EQT,CB,PFE,ADM,SCHW,PNC,AR,HIG,KMI,BOKF,AFL,CNA,L,CTRA,ELV,BRK.A,KDP,HPE,HUM,BRK.B,LUMN,BAP,ACGL,BK,WFC,GD,UNM,CHK,FHN,T,MMM,HBAN,XOM,TFC,MTB,WMB,OXY,CRBG
2023-02-28,50,COF,OXY,CVX,TFC,CB,F,FIS,CNC,COP,T,CVS,CRBG,USB,WRK,PNC,VTRS,CMCSA,AIG,PSX,KMI,PFE,EOG,ET,LEN,MPC,LEN.B,MRNA,VLO,VZ,OVV,CFG,STT,BAP,NEM,XOM,JPM,CI,AR,NWSA,AFL,SYF,NWS,MKL,KEY,DINO,FANG,WFC,GS,FNF,DVN
2023-03-31,50,WFC,TFC,USB,C,COF,CFG,PNC,JPM,BK,MTB,STT,FITB,HBAN,AIG,KEY,CRBG,MET,SYF,RF,CVS,VTRS,MOS,FIS,ALL,PRU,NUE,CI,FHN,AER,OVV,WBS,CB,JEF,GS,CNA,PSX,WAL,EWBC,HIG,AR,CLF,UNM,ET,DOW,CNC,COP,ZION,PFG,L,VLY
2023-04-28,50,TFC,USB,WBD,BK,VLO,MPC,KEY,T,STT,DINO,PSX,FITB,CFG,C,MOS,CVS,OXY,PFE,NTRS,CLF,RF,PNC,VTRS,COF,HBAN,EWBC,PBF,CINF,MRNA,CI,WFC,WBS,MTB,STLD,NUE,IP,ZION,KDP,DOW,KMI,AR,VLY,WRB,L,WLK,JPM,CRH,SSB,ADI,CB
2023-05-31,50,WBD,T,MET,C,USB,CVS,MPC,MOS,CNC,VZ,FHN,CVX,JPM,LBTYA,NUE,XOM,LBTYK,CB,BK,TFC,PNC,DOW,KMI,FANG,STLD,CTRA,CFG,OXY,PSX,IVZ,WFC,CI,KEY,PFG,PFE,CMCSA,RE,AFL,LEN,CHK,EOG,STT,OVV,LHX,DVN,CF,TRV,VLO,HBAN,L
2023-06-30,50,GS,TFC,CVS,T,BAC,PFE,WFC,COF,ET,CB,CFG,FIS,OXY,PSX,KHC,CVX,KEY,TRV,ALL,HUM,VZ,MTB,XOM,ELV,JPM,GPN,RE,PNC,RF,CINF,RPRX,COP,FANG,HIG,BK,KDP,RNR,USB,HBAN,CNC,EPD,L,BMY,CMCSA,STT,KMI,MKL,CAG,LBTYA,RGA
2023-07-31,50,T,VZ,F,XOM,STT,CNC,BK,CVX,PFE,COF,STLD,FOXA,FOX,ET,TRV,HIG,KVUE,WFC,SYF,GS,LHX,WBD,RTX,BMY,EPD,AXP,CHK,LEN,LEN.B,ALL,PGR,TFC,KMI,IVZ,AIG,NUE,CVS,PNC,OXY,EQT,BAC,CI,HUM,SSNC,VTRS,KHC,DOW,AMG,CNA,TDY
2023-08-31,50,WFC,BAC,CVS,COF,PNC,GS,TFC,USB,F,MTB,CFG,STT,HBAN,CNC,FITB,RF,JPM,LEN.B,CRBG,AIG,CI,TRV,LEN,SYF,BK,KHC,FIS,KEY,CLF,SCHW,CB,MOS,NTRS,WBS,EWBC,ADM,TAP,BEN,PYPL,FHN,DHI,T,CLVT,BOKF,PNFP,DXC,L,VLY,MET,CINF
2023-09-29,50,USB,WBD,TFC,BAC,VTRS,COF,PFE,XP,VZ,BK,WFC,RF,NTRS,KVUE,SCHW,CFG,HBAN,GS,NUE,UAL,HOOD,FHN,RPRX,DHI,DOW,MOS,MMM,RTX,TOL,LEN,KEY,GPN,FITB,MHK,SJM,WAL,IVZ,KMI,SYF,ADM,EQT,PHM,PFG,LEN.B,BEN,T,STT,PNC,AR,WBS
2023-10-31,50,F,GS,RF,CVX,BAC,VTRS,MTB,CFG,XP,VLO,PNC,FIS,HPE,WBD,PFE,XOM,USB,LEN,SYF,WFC,UAL,CMCSA,LEN.B,PSX,CVS,FITB,STT,HBAN,MET,GPN,PBF,TAP,MDT,ET,BMY,DHR,ALB,IVZ,KHC,DOW,KVUE,PYPL,BLDR,TFC,TROW,RRX,FDX,BEN,ADI,LBTYA
2023-11-30,50,CVS,CI,MPC,VLO,OXY,T,XOM,CTRA,ET,MKL,DINO,PFE,CNC,UNM,EQT,OVV,CMCSA,ACGL,BMY,HUM,COP,COF,WFC,MET,AR,EOG,AIG,CB,VTRS,F,CHK,PAA,CINF,FOXA,EPD,PBF,EG,CSCO,GS,TRV,FOX,BAC,RNR,HOOD,CLF,CNA,VZ,HIG,RTX,CF
2023-12-29,50,T,ET,VZ,MPC,XOM,CB,OXY,PFE,ACGL,EG,L,PAA,KMI,EPD,CTRA,MKL,MET,MOS,CVX,VLO,AIG,EQT,BAC,CNC,WBD,BK,WFC,CRBG,RNR,CNA,CHK,EOG,AR,BRK.B,AFL,TAP,KHC,LYB,BRK.A,ALL,HUM,JPM,FOX,CINF,MTB,CMCSA,COP,FIS,HIG,TRV
2024-01-31,50,WBD,CVS,F,MOS,STT,HPE,USB,PFE,BAC,NTRS,EQT,MMM,HUM,DHI,IVZ,PNC,BEN,WFC,OXY,BKR,TFC,CI,KMI,SNX,XP,BMY,CVX,FDX,DVN,COF,EOG,RF,CNC,T,LEN,CTRA,COP,SWKS,DOW,KVUE,KHC,ORI,JPM,FITB,VLY,MUR,CNXC,CLF,HBAN,JCI
2024-02-29,50,TFC,WBD,USB,BAC,PNC,T,CFG,COF,MTB,CMCSA,FITB,BK,KEY,VZ,RF,KHC,HPE,MET,STT,VLO,HBAN,CVS,EG,WBS,DINO,LBTYA,LBTYK,ET,MPC,KMI,XP,FOX,FSK,ZION,XOM,PBF,KVUE,VLY,AFL,WFC,FOXA,MOS,IVZ,CSCO,MKL,CRBG,FHN,EOG,AIG,JPM
2024-03-28,50,WBD,VTRS,T,CNC,WFC,BK,CB,COF,CMCSA,CVX,EQT,VZ,CVS,CNA,KHC,LBTYK,MKL,LBTYA,SYF,BAC,F,ACGL,TRV,L,MTB,RPRX,GL,USB,ET,BRK.B,HUM,MET,THO,BRK.A,CTSH,PNC,ZM,KMI,TFC,LEN.B,NUE,RNR,CNXC,AIG,GILD,CME,AGO,GPN,JAZZ,ADT
2024-04-30,50,CVS,USB,WBD,XP,BMY,NUE,CMCSA,BEN,LEN,CLF,F,TRV,EG,CNC,IVZ,HUM,T,BAC,PRU,KEY,PNC,CB,LEN.B,AIG,CINF,PFG,HPE,WBS,DHI,WRB,GILD,GL,COF,MET,PSX,RF,VZ,CRBG,HIG,TFC,TAP,LKQ,RNR,NTRS,SLB,VLO,MKL,STLD,WFC,PFE
2024-05-31,50,COF,USB,TFC,WFC,CI,VTRS,BMY,CVS,F,KHC,OXY,XP,SOLV,PNC,VLO,KEY,TAP,MPC,SCHW,MET,RF,FITB,GPN,COP,SYF,CNC,EOG,BAC,L,CFG,DIS,TRV,T,MTB,XOM,RPRX,ALL,CAG,HBAN,ET,SIGI,PYPL,DVN,NUE,CMCSA,PBF,CVX,GILD,OMF,AIG
2024-06-28,50,WFC,KHC,COF,WBD,AIG,SOLV,NUE,HBAN,LEN,SNX,CLF,LEN.B,PNC,BAC,CNC,FCNCA,TFC,TRV,PRU,KEY,OLN,USB,SON,GPN,TAP,FITB,DOW,MAT,APTV,MET,WCC,FHN,CB,VLO,MKL,CE,PYPL,OVV,ACGL,STT,OBDC,CVX,CMCSA,EG,ALL,ADM,BCC,AXP,DINO,UNM
2024-07-31,50,F,WFC,T,BAC,HPE,ET,VZ,OXY,ACGL,ADM,DIS,DINO,SCHW,CVX,COP,AIG,MPC,COF,NUE,VLO,DVN,CRBG,EG,CLF,PCAR,AR,KHC,XOM,OVV,EPD,PRU,MKL,CVS,EOG,VST,PAA,CMCSA,CB,SYF,FANG,BEN,APTV,CTRA,DOW,IBKR,RNR,PFG,MET,EQT,TMUS
2024-08-30,50,CVS,WBD,VLO,BAC,COF,T,PRU,WFC,TFC,CVX,OXY,CMCSA,HPE,BEN,ET,NUE,DIS,KHC,AIG,FCNCA,DINO,MPC,PSX,VZ,CLF,RGA,MTB,MET,PAA,VTRS,ADM,UNM,PFE,SLB,PNC,OVV,KMI,CE,AR,CHRD,HAL,CB,MKL,BG,APTV,CTRA,HBAN,LEN.B,OC,F
2024-09-30,50,WFC,BAC,AIG,F,USB,TFC,VLO,CFG,OXY,MPC,COP,CVX,L,DVN,PNC,VTRS,GPN,CI,OVV,CNA,ADM,PSX,COF,FCNCA,EOG,ET,DINO,FANG,PRU,MKL,CNC,XOM,FHN,HBAN,SYF,KEY,TSN,HAL,BG,PAA,KHC,CHRD,RF,FDX,SLB,WRB,RGA,ACGL,SCHW,CB
2024-10-31,50,CVS,MPC,VLO,VZ,CI,PSX,ADM,CNC,ACGL,LEN,OXY,CB,LEN.B,WBD,COP,NUE,T,BG,EG,F,CVX,DINO,LYB,KHC,HIG,XOM,SLB,DVN,EOG,SWK,DOW,OVV,HPE,HAL,MHK,PAA,RNR,BAC,ICLR,MET,ET,FE,SWKS,BMY,PFG,FTV,MKL,LBTYA,TAP,RGA
2024-11-29,50,KHC,AIG,ADM,CB,T,BIIB,XP,OXY,PRU,CMCSA,LBTYA,APTV,LBTYK,CE,ACGL,LEN.B,LYB,HPE,F,LEN,CVS,BDX,PFE,SOLV,CAG,XOM,DVN,EG,FIS,MDT,CRBG,TGT,MET,JXN,ARW,CLF,PFG,IFF,USB,ICLR,VZ,VLO,SWK,RPRX,TRV,SWKS,MPC,DG,RTX,MDLZ
2024-12-31,50,LEN,LEN.B,F,VLO,CMCSA,CVX,CI,PNC,MTB,MPC,RF,VZ,NUE,PSX,USB,COF,FITB,DD,CVS,SCHW,PRU,RNR,XOM,TFC,SLB,HIG,BG,ADM,TSN,CFG,TRV,DINO,OVV,COP,PFG,MET,HAL,ACGL,DHI,JXN,CLF,PAA,EOG,WFC,CINF,PHM,TOL,AIG,RS,VOYA
